attrib-name,AARD,ADAMTSL4,ARHGEF10,BCAS1,CCND1,CEP57,CNDP1,CSMD1,CYP24A1,DNAH9,DOK5,EIF3H,ENSA,FGF19,GABRG3,GOLPH3L,HORMAD1,LATS1,MAP2K4,MCL1,ORAOV1,PFDN4,POU5F1B,PSMG4,RAD21,RCBTB2
TCGA-BH-A0AZ,0,1,0,0,0,-1,-1,0,0,0,0,0,1,0,0,1,1,0,0,1,0,0,0,0,0,-1
TCGA-BH-A1EX,1,1,1,1,0,0,0,1,1,1,1,1,1,0,0,1,1,0,1,1,0,1,1,0,1,1
TCGA-B6-A0RN,0,1,0,0,0,0,0,0,0,0,0,0,1,0,0,1,1,0,0,1,0,0,0,-1,0,0
TCGA-E2-A1BC,0,0,-1,0,0,0,0,-1,0,-1,0,0,0,0,0,0,0,-1,-1,0,0,0,0,0,0,0
TCGA-OL-A5DA,1,1,1,0,1,-1,0,1,0,-1,0,1,1,1,0,1,1,-1,-1,1,1,0,1,-1,1,-1
TCGA-AR-A2LO,1,2,-1,2,-1,-1,0,-1,2,0,2,1,2,-1,0,2,2,-1,0,2,-1,2,1,0,1,0
TCGA-AR-A24P,0,1,0,0,0,0,0,0,0,-1,0,0,1,0,0,1,1,-1,-1,1,0,0,0,-1,0,0
TCGA-E2-A1IN,1,1,-2,2,0,0,-2,-2,2,-2,2,1,1,0,0,1,1,0,-2,1,0,2,1,1,1,-1
TCGA-E2-A1LH,2,1,0,1,1,0,-1,0,1,-1,1,2,1,1,-1,1,1,1,-1,1,1,1,2,0,2,0
TCGA-BH-A2L8,0,1,0,0,0,0,0,0,0,0,0,0,1,0,0,1,1,0,0,1,0,0,0,0,0,0
TCGA-D8-A1JN,0,1,0,0,0,0,-1,0,0,-1,0,0,1,0,0,1,1,0,-1,1,0,0,0,0,0,0
TCGA-E9-A5FK,1,1,1,1,0,0,0,1,1,0,1,1,1,0,0,1,1,0,0,1,0,1,1,0,1,0
TCGA-E9-A247,1,1,1,1,2,-1,0,1,1,-1,1,1,1,2,-1,1,1,0,-1,1,2,1,1,1,1,-1
TCGA-EW-A1PB,1,1,1,1,1,1,0,1,1,0,1,1,1,1,0,1,1,0,0,1,1,1,2,0,1,0
TCGA-AC-A3EH,1,2,1,0,0,0,-1,1,0,-1,0,1,2,0,0,2,2,0,-1,2,0,0,1,0,1,0
TCGA-D8-A1XK,1,1,1,1,1,1,0,1,1,-1,1,1,1,1,-2,1,1,0,-1,1,1,1,1,0,1,-1
TCGA-OL-A5RY,0,0,-1,0,0,-1,0,-1,0,-1,0,0,0,0,0,0,0,0,-1,0,0,0,0,0,0,0
TCGA-A2-A1FW,2,2,-1,1,1,-1,-1,-1,1,-1,1,2,2,-1,1,2,2,-1,-1,2,1,1,2,1,2,-1
TCGA-AR-A24Q,2,0,-1,1,0,-1,2,-2,1,1,1,2,0,0,1,0,0,1,1,0,0,1,2,1,2,-1
TCGA-C8-A275,1,1,0,0,0,0,-1,0,0,0,0,1,1,0,0,1,1,0,0,1,0,0,1,0,1,1
TCGA-C8-A1HK,1,1,-2,0,2,-1,-1,-2,0,-1,0,1,1,2,-1,1,1,0,-1,1,2,0,1,-1,1,-2
TCGA-LL-A5YM,1,2,-1,1,-1,-1,-1,-1,1,-1,1,1,2,-1,1,2,2,-1,-1,2,-1,1,1,1,1,-1
TCGA-BH-A5IZ,1,1,0,0,-1,-1,0,0,0,-1,0,1,1,-1,-1,1,1,1,-1,1,-1,0,1,-1,1,-1
TCGA-D8-A1Y2,2,0,-1,0,2,-1,1,-1,0,-1,0,2,0,2,0,0,0,0,-1,0,2,0,2,0,2,-1
TCGA-D8-A1Y3,1,1,-1,0,1,1,-1,-1,0,-1,0,1,1,1,0,1,1,-1,-1,1,1,0,1,1,1,-1
TCGA-AR-A24V,2,0,-1,1,2,-1,-1,-1,1,-1,1,2,0,2,-1,0,0,-1,-1,0,2,1,2,-1,2,-1
TCGA-BH-A0HX,2,1,-1,1,2,-1,-1,-1,1,0,1,2,1,2,-1,1,1,-1,0,1,2,1,2,-1,2,-1
TCGA-A7-A0D9,1,0,-1,1,0,0,0,-1,1,-1,1,1,0,0,-1,0,0,0,-1,0,0,1,1,0,1,0
TCGA-AQ-A0Y5,1,1,-1,2,0,0,-1,-1,2,-1,2,1,1,0,2,1,1,1,-1,1,0,2,1,1,1,0
TCGA-BH-A0E0,1,2,0,1,0,2,1,0,1,-1,1,1,2,0,-1,2,2,0,-1,2,0,1,1,0,1,-1
TCGA-E9-A228,0,0,-1,0,2,0,0,-1,0,-1,0,0,0,2,0,0,0,0,-1,0,2,0,0,0,0,0
TCGA-AO-A0JI,1,0,0,1,0,0,0,0,1,0,1,1,0,0,0,0,0,-1,0,0,0,1,1,0,1,-1
TCGA-B6-A409,2,2,-1,2,0,0,-1,-1,2,-1,2,2,2,0,-1,2,2,1,-1,2,0,2,2,1,2,-1
TCGA-EW-A1PA,0,0,-1,2,1,-1,0,-1,2,-1,2,0,0,1,0,0,0,0,-1,0,1,2,0,0,0,-1
TCGA-C8-A1HO,1,0,-1,0,1,-1,-1,-1,0,-1,0,1,0,1,0,0,0,-1,-1,0,1,0,1,1,1,-1
TCGA-A2-A3XX,1,1,0,1,-1,-1,1,-2,1,1,1,1,1,-1,-1,1,1,1,1,1,-1,1,1,1,1,-1
TCGA-AR-A1AL,0,1,0,0,0,0,0,0,0,0,0,0,1,0,0,1,1,0,0,1,0,0,0,0,0,0
TCGA-BH-A1FC,1,2,-1,-1,1,1,0,-2,-1,1,-1,1,2,1,-1,2,2,-1,1,2,1,-1,1,1,1,-2
TCGA-GM-A3NW,0,1,-1,0,2,-1,0,-1,0,0,0,0,1,2,0,1,1,0,0,1,2,0,0,0,0,-1
TCGA-AQ-A54O,1,1,-1,2,1,-1,-1,-1,2,-1,2,1,1,1,-1,1,1,-1,-1,1,1,2,1,-1,1,-1
TCGA-D8-A27V,1,1,1,0,0,-1,0,1,0,0,0,1,1,0,0,1,1,1,0,1,0,0,1,1,1,-1
TCGA-AR-A2LR,1,1,-1,1,1,0,-1,-2,1,0,1,1,1,1,-1,1,1,0,0,1,1,1,1,1,1,0
TCGA-A2-A0T1,2,0,-1,0,1,-1,0,-1,0,-1,0,2,0,1,0,0,0,0,-1,0,1,0,1,0,2,0
TCGA-B6-A400,1,2,1,1,1,1,0,1,1,0,1,1,2,1,1,2,2,0,0,2,1,1,1,1,1,-1
TCGA-BH-A1FG,2,0,-1,0,0,0,0,-1,0,-1,0,2,0,0,0,0,0,0,-1,0,0,0,2,0,2,0
TCGA-D8-A1XW,2,1,0,1,1,1,0,0,1,0,1,2,1,1,0,1,1,0,0,1,1,1,2,0,2,0
TCGA-AO-A03L,0,1,0,1,2,-1,-1,0,1,1,1,0,1,2,-1,1,1,-1,1,1,2,1,0,-1,0,-1
TCGA-D8-A1XR,0,1,0,0,0,0,1,0,0,0,0,0,1,0,0,1,1,0,0,1,0,0,0,0,0,-1
TCGA-E2-A1B5,1,0,-1,0,0,0,0,-1,0,-1,0,1,0,0,0,0,0,0,-1,0,0,0,1,0,1,0
TCGA-A2-A4S2,1,1,1,1,0,-1,0,1,1,0,1,1,1,0,0,1,1,0,0,1,0,1,1,0,1,-1
TCGA-E9-A1RI,0,0,0,0,-1,-1,-1,0,0,-1,0,0,0,-1,-1,0,0,-1,-1,0,-1,0,0,0,0,0
TCGA-D8-A27I,1,1,1,1,0,-1,0,1,1,0,1,1,1,0,0,1,1,0,0,1,0,1,1,0,1,-1
TCGA-A2-A1FZ,0,1,0,0,0,0,0,0,0,0,0,0,1,0,0,1,1,0,0,1,0,0,0,0,0,0
TCGA-A7-A0CH,0,1,0,0,0,0,0,0,0,0,0,0,1,0,0,1,1,0,0,1,0,0,0,0,0,0
TCGA-OL-A5RV,0,1,0,0,0,0,0,0,0,0,0,0,1,0,1,1,1,0,0,1,0,0,0,0,0,0
TCGA-PE-A5DE,-1,1,-1,1,0,0,-1,-1,1,-1,1,-1,1,0,0,1,1,-1,-1,1,0,1,-1,1,-1,0
TCGA-D8-A1JS,0,1,0,0,0,0,0,0,0,0,0,0,1,0,0,1,1,0,0,1,0,0,0,0,0,0
TCGA-GI-A2C8,0,1,0,1,2,0,-1,0,1,-1,1,0,1,2,0,1,1,0,-2,1,2,1,0,-1,0,0
TCGA-E2-A1L7,1,1,-1,1,0,0,1,-1,1,-1,1,1,1,0,-1,1,1,1,-1,1,0,1,2,-1,1,0
TCGA-D8-A1XT,0,0,-1,0,0,0,0,-1,0,-1,2,0,0,0,-1,0,0,-1,-1,0,0,0,0,0,0,0
TCGA-A2-A0T5,1,1,1,0,0,0,0,1,0,0,0,1,1,0,0,1,1,0,0,1,0,0,1,0,1,0
TCGA-AR-A24H,2,1,-1,2,-1,-1,-1,-1,2,-1,2,2,1,-1,-1,1,1,1,-1,1,-1,2,2,-1,2,0
TCGA-E2-A15K,0,1,-1,1,2,-1,0,-1,1,0,1,0,1,2,0,1,1,0,0,1,2,1,0,0,0,0
TCGA-E9-A1RF,1,1,-2,1,1,-1,-1,-2,1,-1,1,1,1,1,-1,1,1,-1,-2,1,1,1,0,1,1,1
TCGA-A7-A13E,1,1,-1,1,-1,-1,1,-1,1,0,1,1,1,-1,-1,1,1,0,0,1,-1,1,1,0,1,-1
TCGA-OL-A66K,0,1,0,0,-1,-1,0,0,0,1,0,0,1,-1,-1,1,1,0,1,1,-1,0,0,0,0,-2
TCGA-GM-A2DC,2,1,1,1,0,0,1,0,1,-1,1,2,1,0,0,1,1,-1,-1,1,0,1,2,-1,2,-1
TCGA-OL-A5RX,0,1,0,0,0,0,0,0,0,0,0,0,1,0,0,1,1,0,0,1,0,0,0,0,0,0
TCGA-LL-A50Y,0,1,-1,0,0,0,0,-1,0,0,0,0,1,0,0,1,1,0,0,1,0,0,0,0,0,0
TCGA-B6-A40C,1,1,-1,0,0,0,0,-1,0,0,0,1,1,0,-1,1,1,-1,0,1,0,0,1,1,1,0
TCGA-AO-A12G,1,1,-1,0,1,-1,0,-1,0,-1,0,1,1,1,0,1,1,0,-1,1,1,0,1,0,1,-1
TCGA-BH-A1F6,1,1,-2,1,0,0,-1,-2,1,-1,1,1,1,0,-1,1,1,0,-1,1,0,1,1,0,1,-1
TCGA-E9-A229,0,0,-1,2,0,-1,0,-1,2,-1,1,0,0,0,0,0,0,-1,-1,0,0,1,0,0,0,0
TCGA-A2-A1G6,0,0,0,0,0,0,0,0,0,0,0,0,0,0,0,0,0,0,0,0,0,0,0,0,0,0
TCGA-A2-A0YG,1,2,0,1,0,0,-1,0,1,-1,1,1,2,0,0,2,2,0,-1,2,0,1,1,1,1,0
TCGA-BH-A202,2,1,2,1,1,1,0,2,1,-1,1,2,1,1,0,1,1,0,-1,1,1,1,2,0,2,-1
TCGA-EW-A1OV,0,1,-1,0,0,0,0,-1,0,-1,0,0,1,0,-1,1,1,1,-1,1,0,0,0,1,0,-1
TCGA-AO-A03N,0,1,-1,1,0,0,-1,-1,1,-1,1,0,1,0,0,1,1,-1,-1,1,0,1,0,1,0,-1
TCGA-E9-A3QA,2,2,-1,0,1,-1,-1,-1,0,-1,0,2,2,1,-1,2,2,0,-1,2,1,0,2,-1,2,-1
TCGA-AR-A1AR,0,2,1,-1,0,0,0,-1,-1,-1,-1,0,2,0,-1,2,2,0,-1,2,0,-1,0,0,0,-1
TCGA-GM-A5PV,1,1,-1,0,0,0,0,-1,0,0,0,1,1,0,0,1,1,0,0,1,0,0,1,0,1,0
TCGA-BH-A0W3,-1,1,-1,0,2,1,-1,-1,0,0,0,-1,1,2,0,1,1,-1,0,1,2,0,-1,-1,-1,-1
TCGA-A2-A0SV,1,1,-1,2,0,0,-1,-1,2,-1,1,1,1,0,-1,1,1,-1,-1,1,0,2,1,-1,1,-1
TCGA-BH-A1ES,1,0,1,0,1,-1,0,2,0,-1,0,1,0,1,-1,0,0,-1,-1,0,1,0,1,-1,1,0
TCGA-A2-A0YF,0,1,0,0,2,-1,0,0,0,0,0,0,1,2,0,1,1,0,0,1,2,0,0,0,0,0
TCGA-AC-A23E,1,1,1,0,-1,-1,0,1,0,-1,0,1,1,-1,-1,1,1,1,-1,1,-1,0,1,1,1,-1
TCGA-AO-A0JA,0,1,1,0,0,-1,-1,1,0,-1,0,0,1,0,0,1,1,0,-1,1,0,0,0,0,0,0
TCGA-D8-A1XZ,2,-1,-1,1,-1,-1,0,-1,1,-1,1,2,-1,-1,-1,-1,-1,1,-1,-1,-1,1,2,1,2,1
TCGA-BH-A0HP,0,1,0,0,0,-1,0,0,0,-1,0,0,1,0,-1,1,1,0,-1,1,0,0,0,0,0,0
TCGA-E9-A295,1,1,1,1,2,-2,-1,1,1,-1,1,1,1,2,-1,1,1,0,-1,1,2,1,1,1,1,-1
TCGA-A2-A25C,0,1,0,0,0,-1,-1,0,0,0,0,0,1,0,1,1,1,-1,0,1,0,0,0,1,0,0
TCGA-E9-A24A,0,1,0,0,0,0,0,0,0,0,0,0,1,0,0,1,1,0,0,1,0,0,0,0,0,0
TCGA-B6-A0WV,0,1,-1,1,2,0,-1,-1,1,-1,1,0,1,2,-1,1,1,-1,-1,1,2,1,0,-1,0,-1
TCGA-E9-A1NH,-1,1,-1,0,-1,-1,-1,-1,0,-1,0,-1,1,-1,0,1,1,0,-1,1,-1,0,-1,0,-1,-1
TCGA-A2-A0T4,0,1,0,0,2,-1,-1,0,0,-1,0,0,1,2,0,1,1,0,-1,1,2,0,0,-1,0,-1
TCGA-AR-A5QP,1,1,1,0,0,0,0,1,0,-1,0,1,1,0,0,1,1,0,-1,1,0,0,1,0,1,0
TCGA-E2-A1II,1,1,-1,1,1,1,0,-1,1,-1,1,1,1,1,-1,1,1,1,-1,1,1,1,1,1,1,-1
TCGA-AR-A2LK,1,1,-1,1,2,-1,0,-1,1,-1,1,1,1,2,-1,1,1,0,-1,1,2,1,1,0,1,-1
TCGA-D8-A1XO,0,1,0,0,0,0,0,0,0,0,0,0,1,0,-1,1,1,0,0,1,0,0,0,0,0,0
TCGA-A1-A0SF,1,1,0,1,0,0,0,0,1,-1,1,1,1,0,-1,1,1,0,-1,1,0,1,1,0,1,0
TCGA-B6-A1KC,1,1,-1,1,0,0,1,-1,1,1,1,1,1,0,-1,1,1,-1,1,1,0,1,1,1,1,-1
TCGA-AN-A0XT,0,0,0,0,0,-1,-1,-2,0,-1,0,0,0,0,0,0,0,0,-1,0,0,0,0,0,0,-1
TCGA-AR-A5QN,1,2,-1,0,0,0,0,-1,0,0,0,1,2,0,0,2,2,0,0,2,0,0,1,0,1,0
TCGA-BH-A0DS,2,1,1,0,0,0,1,1,0,0,0,2,1,0,1,1,1,0,0,1,0,0,2,0,2,0
TCGA-GM-A2DI,0,0,0,1,-1,-1,0,0,1,-1,1,0,0,-1,0,0,0,0,-1,0,-1,1,0,0,0,0
TCGA-AC-A5EH,-1,0,-1,1,0,0,-1,-1,1,-2,1,-1,0,0,0,0,0,-1,-2,0,0,1,-1,-1,-1,0
TCGA-BH-A0C3,0,2,0,0,2,-1,0,0,0,0,0,0,2,2,0,2,2,-1,0,2,2,0,0,-1,0,0
TCGA-D8-A1JA,0,1,0,0,0,0,-1,0,0,-1,0,0,1,0,0,1,1,0,-1,1,0,0,0,0,0,-1
TCGA-E9-A1N9,2,1,-1,1,2,-1,0,-1,1,-1,1,2,1,2,-1,1,1,0,-1,1,2,1,2,1,2,-1
TCGA-EW-A1PG,0,0,0,0,0,0,0,0,0,0,0,0,0,0,0,0,0,0,0,0,0,0,0,0,0,0
TCGA-EW-A1IW,0,1,0,0,2,-1,-1,0,0,-1,0,0,1,2,0,1,1,0,-1,1,2,0,0,-1,0,-1
TCGA-A2-A25A,0,0,0,0,1,0,0,0,0,-1,0,0,0,1,0,0,0,-1,-1,0,1,0,0,0,0,0
TCGA-B6-A402,2,1,-1,1,-1,-1,-1,-2,1,-1,1,2,1,-1,-1,1,1,1,-1,1,-1,1,2,1,2,0
TCGA-AR-A24K,1,1,-1,-1,1,1,1,-1,-1,1,-1,1,1,1,1,1,1,-1,1,1,1,-1,1,-1,1,-1
TCGA-C8-A1HF,0,0,0,0,-1,-1,0,0,0,-2,0,0,0,-1,-1,0,0,0,-2,0,-1,0,0,0,0,-1
TCGA-B6-A2IU,1,1,1,0,0,0,-1,1,0,0,0,1,1,0,0,1,1,-1,0,1,0,0,1,0,1,-1
TCGA-GM-A2DA,1,0,-1,0,0,0,0,-1,0,-1,0,1,0,0,0,0,0,0,-1,0,0,0,1,0,1,0
TCGA-BH-A0BF,1,1,0,1,1,1,0,0,1,-1,1,1,1,1,0,1,1,-1,-1,1,1,1,1,-1,1,0
TCGA-A2-A0YD,0,1,0,1,0,0,0,0,1,0,1,0,1,0,0,1,1,0,0,1,0,1,0,0,0,0
TCGA-BH-A1FM,1,1,0,1,0,0,-1,0,1,-2,1,1,1,0,-2,1,1,-1,-2,1,0,1,1,-1,1,1
TCGA-A7-A5ZW,1,1,1,0,0,0,0,1,0,0,0,1,1,0,0,1,1,0,0,1,0,0,1,0,1,0
TCGA-AO-A12E,1,0,0,1,2,-1,-1,0,1,1,1,1,0,2,0,0,0,0,1,0,2,1,1,0,1,-1
TCGA-AQ-A04H,1,1,0,1,2,0,-1,0,1,-1,1,1,1,2,-1,1,1,0,-1,1,2,1,1,0,1,-1
TCGA-E9-A3Q9,0,1,0,0,0,0,0,0,0,0,0,0,1,0,0,1,1,0,0,1,0,0,0,0,0,0
TCGA-B6-A0RU,2,1,-1,1,-1,-1,2,-1,1,-1,1,2,1,-1,-1,1,1,-1,-1,1,-1,1,2,1,2,-1
TCGA-AN-A0XL,1,1,-1,1,1,-1,0,-1,1,-1,1,1,1,1,0,1,1,0,-1,1,1,1,1,0,1,-1
TCGA-EW-A1P6,1,0,-1,1,0,0,0,-1,1,0,1,1,0,0,0,0,0,1,0,0,0,1,1,1,1,0
TCGA-A2-A3XV,0,0,0,0,0,0,0,0,0,-1,0,0,0,0,0,0,0,-1,-1,0,0,0,0,1,0,0
TCGA-AR-A1AW,1,1,-1,1,-1,-1,1,-1,1,1,1,1,1,-1,-1,1,1,0,1,1,-1,1,1,0,1,-1
TCGA-A2-A0T2,1,2,1,1,0,0,1,1,1,0,1,1,2,0,0,2,2,0,0,2,0,1,1,1,1,0
TCGA-E2-A3DX,0,1,0,0,0,0,0,0,0,0,0,0,1,0,0,1,1,0,0,1,0,0,0,0,0,0
TCGA-EW-A1J5,0,1,-1,1,2,-1,0,-1,1,-1,1,0,1,2,0,1,1,-1,-1,1,2,1,0,0,0,0
TCGA-B6-A0X5,2,0,-1,0,0,0,0,-2,0,0,0,2,0,0,0,0,0,0,0,0,0,0,2,0,2,-1
TCGA-AO-A0JE,2,1,0,1,1,1,0,-1,1,-1,1,2,1,1,0,1,1,0,-1,1,1,1,2,0,2,-1
TCGA-OK-A5Q2,0,1,0,0,0,-1,0,-2,0,0,0,0,1,0,0,1,1,0,0,1,0,0,0,0,0,0
TCGA-D8-A1JC,1,1,-1,2,2,-1,-1,-1,2,-1,2,1,1,2,0,1,1,1,-1,1,2,2,1,-1,1,-1
TCGA-GM-A5PX,0,1,0,0,0,0,0,0,0,0,0,0,1,0,0,1,1,0,0,1,0,0,0,0,0,-1
TCGA-C8-A278,2,0,-1,1,1,1,-1,-1,1,-1,1,2,0,1,-1,0,0,0,-1,0,1,1,2,0,2,-1
TCGA-EW-A1PD,2,0,-1,0,0,-1,0,-1,0,-1,0,2,0,0,0,0,0,0,-1,0,0,0,2,0,2,0
TCGA-BH-A0WA,1,0,-2,0,0,-1,-1,-2,0,-1,0,1,0,0,-2,0,0,-1,-1,0,0,0,2,1,1,-1
TCGA-BH-A0B6,2,1,-1,1,0,0,1,-1,1,-1,1,2,1,0,-1,1,1,1,-1,1,0,1,1,1,2,-1
TCGA-GM-A3XN,0,2,0,0,0,0,0,0,0,0,0,0,2,0,0,2,2,-1,0,2,0,0,0,0,0,0
TCGA-A2-A0T7,1,1,-1,-1,0,-1,-1,-1,-1,-1,0,1,1,0,-1,1,1,-1,-1,1,0,-1,1,0,1,0
TCGA-GM-A2DF,1,1,-1,1,1,0,0,-1,1,-1,1,1,1,1,-1,1,1,-1,-1,1,1,1,1,1,1,-1
TCGA-AC-A2QH,2,0,1,1,-1,-1,1,-2,1,2,1,2,0,-1,1,0,0,0,2,0,-1,1,2,1,2,-1
TCGA-D8-A1XS,2,1,-1,2,2,-1,0,-1,2,-1,2,2,1,2,-1,1,1,0,-1,1,2,2,2,0,2,0
TCGA-EW-A1P7,0,0,0,0,0,0,0,0,0,0,0,0,0,0,0,0,0,1,0,0,0,0,0,0,0,-2
TCGA-A1-A0SP,1,1,0,1,0,-1,1,-2,1,-1,1,1,1,0,1,1,1,1,-1,1,0,1,1,-1,1,-1
TCGA-A7-A26G,1,0,-1,1,1,-1,0,-2,1,-1,1,1,0,1,1,0,0,0,-1,0,1,1,1,1,1,-1
TCGA-AO-A1KT,2,1,-1,1,2,-1,-1,-1,1,0,1,2,1,2,-1,1,1,-1,0,1,2,1,2,-1,2,-1
TCGA-AR-A1AN,0,1,-1,1,1,0,0,-1,1,-1,1,0,1,1,-1,1,1,0,-1,1,1,1,1,0,0,0
TCGA-B6-A0RG,2,2,-1,1,0,-1,-1,-1,1,-1,1,2,2,0,-1,2,2,-1,-1,2,0,1,2,2,2,-1
TCGA-C8-A26Y,0,2,0,2,-1,-1,-1,0,2,-1,2,0,2,-1,-1,2,2,-1,-1,2,-1,2,0,0,0,-1
TCGA-BH-A42T,0,2,2,0,2,2,0,2,0,-1,0,0,2,2,0,2,2,0,-1,2,2,0,0,0,0,0
TCGA-A7-A5ZX,0,1,0,0,0,0,0,0,0,-1,0,0,1,0,0,1,1,0,-1,1,0,0,0,0,0,0
TCGA-BH-A0H0,1,1,-1,0,-1,-1,0,-2,0,-1,0,1,1,-1,0,1,1,-1,-1,1,-1,0,1,0,1,-1
TCGA-A7-A0CE,1,2,-2,0,-1,0,0,-2,0,0,0,1,2,-1,-2,2,2,0,0,2,-1,0,1,1,1,-2
TCGA-E9-A1R4,1,-1,0,1,0,0,1,0,1,-1,1,1,1,0,-1,1,1,-1,-1,-1,0,1,1,0,1,0
TCGA-A2-A0SX,1,1,-1,1,-1,-1,-1,-1,1,-1,1,1,1,-1,0,1,1,0,-1,1,-1,1,1,0,1,0
TCGA-D8-A1J9,1,1,-1,0,1,1,-1,-1,0,-1,0,1,1,1,-1,1,1,0,-1,1,1,0,1,0,1,-1
TCGA-A7-A5ZV,1,1,0,1,1,0,-1,-1,1,0,1,1,1,1,-1,1,1,0,0,1,1,1,1,-1,1,0
TCGA-A2-A25B,1,1,0,1,-1,-1,-1,0,1,-1,1,1,1,-1,2,1,1,-1,-1,1,-1,1,1,1,1,0
TCGA-A2-A3XU,1,1,-1,-1,0,0,-1,-2,-1,1,-1,1,1,0,-1,1,1,0,1,1,0,-1,1,0,1,-1
TCGA-AR-A256,2,2,-1,1,0,0,0,-1,1,-1,1,2,2,0,-1,2,2,-1,-1,2,0,1,2,-2,2,0
TCGA-AC-A5XU,2,0,0,1,2,-1,1,-1,1,-1,1,2,0,2,-1,0,0,1,-1,0,2,1,2,1,2,1
TCGA-EW-A2FW,0,1,0,1,1,-1,0,0,1,0,1,0,1,0,0,1,1,0,0,1,1,1,0,0,0,0
TCGA-E9-A22E,1,1,-1,1,0,-1,-1,-1,1,0,1,1,1,0,0,1,1,1,0,1,0,1,1,-1,1,-1
TCGA-E9-A5UP,1,1,-1,1,-1,-1,1,-1,1,-1,1,1,1,-1,-1,1,1,-1,-1,1,-1,1,1,-1,1,-1
TCGA-A7-A26H,1,1,-1,0,0,0,0,-1,0,-2,0,1,1,0,0,1,1,0,-2,1,0,0,1,0,1,0
TCGA-A2-A4RX,1,0,1,1,0,0,0,1,1,-1,1,1,0,0,0,0,0,1,-1,0,0,1,1,0,1,-1
TCGA-AC-A3YI,2,0,-2,0,0,0,0,-2,0,0,0,2,0,0,0,0,0,0,0,0,0,0,2,0,2,0
TCGA-A2-A0CK,0,1,0,0,2,-1,0,0,0,-1,0,0,1,2,0,1,1,0,-1,1,2,0,0,0,0,0
TCGA-EW-A1P8,1,2,-1,-1,1,1,-1,-1,-1,-1,-1,1,2,1,-1,2,2,1,-1,2,1,-1,1,1,1,-1
TCGA-BH-A1EN,2,1,-1,1,-1,-1,-1,-1,1,0,1,2,1,-1,-1,1,1,-1,0,1,-1,1,2,1,2,-1
TCGA-A2-A0SW,1,1,1,1,1,1,0,1,1,-1,1,1,1,1,-1,1,1,0,-1,1,1,1,1,0,1,-1
TCGA-E9-A248,1,0,-1,1,0,0,-1,-1,1,0,1,1,0,0,-1,0,0,-1,0,0,0,1,1,0,1,-1
TCGA-E2-A1LE,1,0,-1,0,0,0,-1,-1,0,-1,0,1,0,0,1,0,0,1,-1,0,0,0,1,0,1,0
TCGA-OL-A5D6,0,0,0,0,0,0,-1,0,0,-1,0,0,0,0,0,0,0,-1,-1,0,0,0,0,-1,0,0
TCGA-AQ-A1H3,1,1,1,0,0,0,0,1,0,-1,0,1,1,0,0,1,1,0,-1,1,0,0,1,0,1,0
TCGA-A2-A0EP,0,0,0,0,0,0,-2,0,0,0,0,0,0,0,0,0,0,0,0,0,0,0,0,0,0,0
TCGA-EW-A2FR,0,1,-1,2,1,-1,-1,-1,2,-1,2,0,1,1,-1,1,1,0,-1,1,1,2,0,0,0,0
TCGA-BH-A0RX,1,1,-1,1,0,0,0,-1,1,0,1,1,1,0,-1,1,1,0,0,1,0,1,1,1,1,-1
TCGA-E9-A1RH,2,1,-2,2,0,0,-2,-2,2,-1,2,2,1,0,-1,1,1,-1,-2,1,0,2,2,0,2,0
TCGA-D8-A27P,0,2,0,0,0,0,0,0,0,0,0,0,2,0,0,2,2,0,0,2,0,0,0,0,0,0
TCGA-OL-A5S0,2,1,-1,0,-1,-1,-1,-2,0,-1,0,2,1,-1,-1,1,1,-1,-1,1,-1,0,2,1,2,-1
TCGA-AO-A0JJ,0,1,0,0,0,0,0,0,0,-1,0,0,1,0,0,1,1,-1,-1,1,0,0,0,-1,0,-1
TCGA-E2-A14N,2,1,-2,0,0,0,0,-2,0,0,0,2,1,0,-1,1,1,0,0,1,0,0,2,1,2,-1
TCGA-AO-A129,2,2,-1,1,0,0,-1,-1,1,-1,0,2,2,0,-1,2,2,1,-1,2,0,1,2,1,2,-1
TCGA-D8-A1XU,2,1,-1,2,-1,-1,-1,-1,2,-1,2,1,1,-1,-1,1,1,1,-1,1,-1,2,1,-1,1,-1
TCGA-A1-A0SN,1,1,-1,2,2,-1,0,-1,2,-1,2,1,1,2,1,1,1,-1,-1,1,2,2,1,0,1,-1
TCGA-AR-A1AU,2,0,0,2,1,-1,0,0,2,-1,1,2,0,1,0,0,0,-1,-1,0,1,2,2,-1,2,0
TCGA-A2-A0YT,2,1,-1,1,2,-1,-1,-1,1,-1,1,2,1,2,0,1,1,-1,-1,1,2,1,2,1,2,-1
TCGA-BH-A0DH,1,0,0,0,0,0,-1,0,0,0,0,1,0,0,0,0,0,-1,0,0,0,0,1,1,1,-1
TCGA-E2-A1LI,1,1,-1,1,0,0,-1,-1,1,-1,1,1,1,0,-2,1,1,0,-1,1,0,1,1,1,1,0
TCGA-A2-A0YL,0,1,0,0,0,0,-1,0,0,-1,0,0,1,0,0,1,1,0,-1,1,0,0,0,0,0,-1
TCGA-AR-A2LM,0,1,0,0,0,0,0,0,0,-1,0,0,1,0,0,1,1,0,-1,1,0,0,0,0,0,0
TCGA-AR-A0U3,1,0,-2,0,2,-1,0,-2,0,-1,0,1,0,2,0,0,0,0,-1,0,2,0,2,0,1,1
TCGA-D8-A27T,0,1,0,0,0,0,0,0,0,-2,0,0,1,0,0,1,1,0,-2,1,0,0,0,0,0,-1
TCGA-GM-A2DH,1,1,1,0,1,1,1,-1,0,-1,-1,1,1,1,-1,1,1,1,-1,1,1,0,-1,-1,1,-1
TCGA-BH-A0HB,1,0,-1,1,0,-1,1,-1,1,-1,1,1,0,0,-1,0,0,-1,-1,0,0,1,1,-1,1,-1
TCGA-A7-A4SD,1,1,1,1,-1,-1,1,1,1,-1,1,1,1,-1,-1,1,1,1,-1,1,-1,1,1,1,1,-1
TCGA-E9-A54Y,2,1,-1,1,0,0,-1,-1,1,-1,1,2,1,0,0,1,1,-1,-1,1,0,1,2,1,2,-1
TCGA-A7-A13D,2,2,-1,1,-1,-1,-1,-1,1,-1,1,2,2,-1,-1,2,2,-1,-1,2,-1,1,2,1,2,-1
TCGA-C8-A26V,0,0,0,0,0,0,0,0,0,-1,0,0,0,0,0,0,0,0,-1,0,0,0,0,0,0,-1
TCGA-D8-A27K,0,1,0,0,0,0,0,0,0,0,0,0,1,0,0,1,1,0,0,1,0,0,0,0,0,0
TCGA-BH-A0E2,1,0,-1,1,0,-1,0,-1,1,-1,1,1,0,0,0,0,0,0,-1,0,0,1,1,-1,1,1
TCGA-BH-A0DD,1,1,0,1,2,-1,1,0,1,-1,1,1,1,2,0,1,1,0,-1,1,2,1,2,0,1,-1
TCGA-D8-A1X5,1,1,0,2,1,-1,-1,0,2,-1,2,1,1,1,0,1,1,1,-1,1,1,2,1,1,1,-1
TCGA-D8-A1JD,1,1,-1,1,1,-1,0,-1,1,-1,1,1,1,1,0,1,1,-1,-1,1,1,1,1,0,1,-2
TCGA-A7-A26E,0,1,0,-1,-1,-1,-1,0,-1,-1,-1,0,1,-1,-1,1,1,0,-1,1,-1,-1,0,0,0,-1
TCGA-AO-A03U,0,0,0,0,0,0,0,0,0,0,0,0,0,0,0,0,0,0,0,0,0,0,0,0,0,1
TCGA-AC-A2FG,0,1,0,0,0,0,0,0,0,0,0,0,1,0,0,1,1,0,0,1,0,0,0,0,0,0
TCGA-A2-A25E,1,0,-1,1,0,-1,1,-1,1,0,1,1,0,0,0,0,0,-1,0,0,0,1,1,0,1,-1
TCGA-A1-A0SG,1,0,-2,1,0,0,0,-2,1,0,1,1,0,0,0,0,0,-2,0,0,0,1,1,-2,1,0
TCGA-AC-A2QJ,1,1,-1,1,0,0,-1,-1,1,-1,1,1,1,0,-1,1,1,0,-1,1,0,1,1,0,1,-1
TCGA-BH-A0W5,1,0,-1,1,0,0,0,-1,1,0,1,1,0,0,0,0,0,0,0,0,0,1,1,0,1,0
TCGA-D8-A1XL,1,1,-2,1,0,0,-1,-2,1,-1,1,1,1,0,-1,1,1,-1,-1,1,0,1,1,1,1,-1
TCGA-BH-A0HI,0,1,0,1,0,0,-1,0,1,0,1,0,1,0,0,1,1,0,0,1,0,1,0,0,0,0
TCGA-B6-A0WY,2,0,-1,1,1,-1,-1,-1,1,-1,1,2,0,1,-1,0,0,-1,-1,0,1,1,2,1,2,1
TCGA-AR-A24R,1,1,1,1,1,-1,-1,1,1,-1,1,1,1,1,-1,1,1,-1,-1,1,1,1,1,-1,1,0
TCGA-D8-A1XM,0,1,-1,0,0,0,0,-1,0,-1,0,0,1,0,0,1,1,0,-1,1,0,0,0,0,0,0
TCGA-A2-A0SU,0,0,0,0,0,-1,0,0,0,-1,0,0,0,0,-1,0,0,0,0,0,0,0,0,0,0,0
TCGA-BH-A1EO,1,1,-1,1,1,1,-1,-1,1,-1,1,1,1,1,-1,1,1,-1,-1,1,1,1,1,1,1,0
TCGA-D8-A1XF,1,1,0,1,2,-1,0,0,1,-1,1,1,1,2,-1,1,1,-1,-1,1,2,1,1,0,1,1
TCGA-LL-A5YO,1,1,-1,0,-1,-1,-1,-1,0,-1,0,1,1,-1,0,1,1,0,-1,1,-1,0,1,0,1,-1
TCGA-E9-A243,1,1,1,0,0,0,0,1,0,0,0,1,1,0,0,1,1,-2,0,1,0,0,1,0,1,0
TCGA-AC-A5XS,0,1,0,1,0,0,0,0,1,0,1,0,1,0,0,1,1,-1,0,1,0,1,0,1,0,0
TCGA-E9-A1N8,1,1,-1,1,1,-1,1,-2,1,-1,1,1,1,1,-1,1,1,-1,-1,1,1,1,1,1,1,-1
TCGA-OL-A5RU,0,1,0,0,0,0,0,0,0,0,0,0,1,0,0,1,1,0,0,1,0,0,0,0,0,0
TCGA-E2-A1LK,2,1,-1,1,1,1,-1,-1,1,1,1,2,1,1,-1,1,1,0,1,1,1,1,2,0,2,-1
TCGA-E2-A56Z,1,1,-1,1,1,-1,1,-1,1,-1,1,1,1,1,1,1,1,0,-1,1,1,1,1,1,1,-1
TCGA-E9-A1R2,1,1,-1,1,0,-1,1,-1,1,-1,1,1,1,0,0,1,1,0,-1,1,0,1,1,0,1,-1
TCGA-A2-A1G1,1,0,1,1,1,1,-1,1,1,-1,1,1,0,1,-1,0,0,1,-1,0,1,1,1,0,1,1
TCGA-AR-A1AI,1,1,1,1,-1,-1,1,1,1,-1,1,1,1,-1,-1,1,1,1,-1,1,-1,1,1,0,1,-1
TCGA-BH-A0B3,2,2,0,1,0,1,-2,0,1,-1,1,2,2,0,0,2,2,1,-1,2,0,1,2,2,2,-1
TCGA-AR-A1AY,1,1,1,1,0,0,0,1,1,-1,1,1,1,0,-1,1,1,-1,-1,1,0,1,2,-1,1,-1
TCGA-E2-A15I,0,0,0,0,0,0,0,0,0,-1,0,0,0,0,0,0,0,0,-1,0,0,0,0,0,0,0
TCGA-B6-A0RT,2,2,0,0,0,0,2,0,0,-2,0,2,2,0,0,2,2,0,-2,2,0,0,2,0,2,0
TCGA-E9-A5FL,2,0,1,1,1,1,-1,2,1,-1,1,2,0,1,-1,0,0,0,-1,0,1,1,2,0,2,1
TCGA-B6-A401,1,1,-1,1,0,0,1,-1,1,1,1,1,1,0,0,1,1,-1,1,1,0,1,1,-1,1,-1
TCGA-GM-A2D9,0,1,-1,0,1,-1,0,-1,0,0,0,0,1,1,0,1,1,0,0,1,1,0,0,0,0,0
TCGA-C8-A26X,1,1,-1,0,0,0,-1,-1,0,-1,0,1,1,0,1,1,1,1,-1,1,0,0,1,-1,1,-1
TCGA-E2-A1IE,0,0,-1,1,1,-1,0,-1,1,-1,1,0,0,1,0,0,0,-1,-1,0,1,1,0,0,0,-1
TCGA-AR-A1AX,1,0,-1,0,0,0,0,-1,0,-1,0,1,0,0,1,0,0,0,-1,0,0,0,1,0,1,0
TCGA-D8-A1JU,1,1,1,0,0,0,0,1,0,0,0,1,1,0,0,1,1,0,0,1,0,0,1,0,1,0
TCGA-D8-A1Y1,1,1,1,1,0,0,0,1,1,-1,1,1,1,0,-1,1,1,-1,-1,1,0,1,1,-1,1,-1
TCGA-GM-A3NY,0,1,0,0,0,0,0,0,0,0,0,0,1,0,0,1,1,0,0,1,0,0,0,0,0,0
TCGA-AR-A0U2,2,1,-2,1,2,-1,-1,-2,1,-1,1,2,1,2,1,1,1,-1,-1,1,2,1,2,0,2,-1
TCGA-BH-A5J0,1,1,-2,1,0,-1,-1,-2,1,-1,1,1,1,0,1,1,1,1,-1,1,0,1,1,-1,1,-1
TCGA-E2-A2P6,0,1,0,0,2,-1,-1,0,0,-1,0,0,1,2,0,1,1,0,-1,1,2,0,0,0,0,0
TCGA-A1-A0SH,1,0,0,0,0,0,0,0,0,-1,0,1,0,0,0,0,0,0,-1,0,0,0,1,0,1,0
TCGA-AC-A3HN,0,1,0,0,2,-1,0,0,0,0,0,0,1,2,0,1,1,0,0,1,2,0,0,0,0,0
TCGA-D8-A1JB,0,1,-1,1,0,0,0,-1,1,-1,1,0,1,0,0,1,1,-1,-1,1,0,1,0,1,0,0
TCGA-BH-A0GY,2,1,0,2,1,1,-1,0,2,0,2,2,1,1,0,1,1,0,0,1,1,2,2,0,2,0
TCGA-EW-A423,0,1,0,1,2,-1,-1,0,1,-1,1,0,1,2,-1,1,1,1,-1,1,2,1,0,1,0,1
TCGA-E2-A1LL,-1,0,-2,1,-1,-1,-1,-2,1,-1,1,-1,0,-1,1,0,0,-1,-1,0,-1,1,-1,1,-1,-1
TCGA-D8-A27R,1,1,-1,1,1,-1,-1,-1,1,-1,1,1,1,1,1,1,1,-1,-1,1,1,1,1,1,1,-1
TCGA-AR-A24O,0,0,0,0,0,0,0,0,0,-1,0,0,0,0,0,0,0,0,-1,0,0,0,0,0,0,0
TCGA-AO-A128,1,1,0,1,0,0,0,0,1,0,1,1,1,0,0,1,1,0,0,1,0,1,1,0,1,0
TCGA-A2-A3KD,1,1,0,0,1,-1,0,1,0,-1,0,1,1,1,0,1,1,0,-1,1,1,0,1,0,1,0
TCGA-AR-A24Z,2,1,-1,1,2,-1,1,-1,1,-1,1,2,1,2,-1,1,1,1,-1,1,2,1,2,-1,2,-1
TCGA-E9-A1R5,1,1,-1,1,0,0,0,-1,1,0,1,1,1,0,0,1,1,0,0,1,0,1,-1,0,1,0
TCGA-EW-A1P4,0,0,0,-1,-1,-1,2,0,-1,-1,-1,0,0,-1,-1,0,0,1,-1,0,-1,-1,2,0,0,0
TCGA-BH-A1FL,0,2,0,0,0,0,0,0,0,0,0,0,2,0,0,2,2,0,0,2,0,0,0,0,0,0
TCGA-A2-A259,1,0,-1,0,0,0,0,-1,0,-1,0,1,0,0,0,0,0,0,-1,0,0,0,1,0,1,0
TCGA-E9-A1NA,0,2,0,1,1,-1,-1,0,-1,-1,-1,0,2,1,-1,2,2,-1,-1,2,1,-1,0,-1,0,-2
TCGA-B6-A0X7,1,1,-1,0,0,-1,0,-1,0,-1,0,1,1,0,0,1,1,0,-1,1,0,0,1,0,1,0
TCGA-EW-A1J6,1,1,-1,1,1,1,1,-1,1,-1,1,1,1,1,-1,1,1,-1,-1,1,1,1,1,1,1,1
TCGA-A8-A075,2,0,-1,1,1,1,-1,-1,1,-1,1,2,0,1,0,0,0,1,-1,0,1,1,2,1,2,1
TCGA-GM-A2DB,0,0,-1,0,1,1,0,-1,0,-1,0,0,0,1,0,0,0,-1,-1,0,1,0,1,-1,0,-1
TCGA-BH-A0BT,1,1,-2,1,1,1,-1,-2,1,1,1,1,1,1,-1,1,1,-1,1,1,1,1,1,1,1,1
TCGA-A1-A0SK,1,1,-2,1,1,0,1,-2,1,-1,1,1,1,1,-1,1,1,1,-1,1,1,1,1,-1,1,-2
TCGA-BH-A0H6,2,0,-1,0,0,0,1,-1,0,0,0,2,0,0,0,0,0,0,0,0,0,0,2,0,2,0
TCGA-AO-A0JF,0,1,0,0,0,0,0,0,0,0,0,0,1,0,0,1,1,0,0,1,0,0,0,0,0,0
TCGA-AR-A254,1,1,-1,2,0,0,0,-1,2,-1,2,1,1,0,1,1,1,0,-1,1,0,2,1,0,1,-1
TCGA-E2-A108,2,0,-1,0,0,0,0,-1,0,0,0,2,0,0,0,0,0,0,0,0,0,0,2,0,2,0
TCGA-E2-A1LA,2,1,-1,0,1,-1,0,-1,0,-1,0,2,1,1,1,1,1,-1,-1,1,1,0,2,0,2,-1
TCGA-AR-A1AV,0,1,0,1,2,-1,-1,0,1,1,1,0,1,2,1,1,1,1,1,1,2,1,0,1,0,1
TCGA-BH-A0H9,0,1,0,2,0,0,-1,0,-2,0,-2,0,1,0,-1,1,1,0,0,1,0,-2,0,0,0,0
TCGA-A7-A3J1,0,1,-1,0,0,-1,-1,-1,0,0,0,0,1,0,-1,1,1,-1,0,1,0,0,0,0,0,0
TCGA-E9-A226,0,-1,-2,2,0,0,0,-2,2,-1,1,0,-1,0,-1,-1,-1,0,-1,-1,0,2,0,0,0,0
TCGA-A2-A0CR,0,0,0,0,0,-1,0,0,0,-1,0,0,0,0,0,0,0,-1,-1,0,0,0,0,0,0,0
TCGA-D8-A27W,2,1,-1,1,1,-1,0,-1,1,0,1,2,1,1,0,1,1,-1,0,1,1,1,2,0,2,1
TCGA-A1-A0SM,1,2,0,0,2,-1,0,0,0,0,0,1,2,2,0,2,2,0,0,2,2,0,0,0,1,0
TCGA-AO-A0JB,1,1,-1,1,0,0,-1,-1,1,-1,1,2,1,0,-1,1,1,0,-1,1,0,1,2,0,1,1
TCGA-E2-A1AZ,1,2,1,1,1,1,1,1,1,-1,1,1,2,1,-1,2,2,-1,-1,2,1,1,1,-1,1,-1
TCGA-B6-A408,2,1,-1,1,1,1,1,-1,1,-1,1,2,1,1,1,1,1,-1,-1,1,1,1,2,1,2,-1
TCGA-B6-A0WW,1,1,-1,0,2,-1,-1,-1,0,0,0,1,1,2,0,1,1,0,0,1,2,0,1,0,1,-1
TCGA-E9-A22A,1,1,0,0,0,0,0,-1,0,-1,0,1,1,0,0,1,1,-1,-1,1,0,0,1,0,1,0
TCGA-A7-A3J0,1,1,1,0,1,1,0,1,0,1,0,1,1,1,0,1,1,0,1,1,1,0,1,0,1,1
TCGA-A2-A4RW,1,1,-1,0,0,-1,0,-1,0,-1,0,1,1,0,-1,1,1,0,-1,1,0,0,1,-1,1,-1
TCGA-A2-A0YH,2,1,-1,1,0,0,-1,-1,1,-1,1,2,1,0,0,1,1,0,-1,1,0,1,2,0,2,0
TCGA-E9-A1N5,1,0,1,1,2,-1,0,1,1,-1,1,1,0,2,0,0,0,-1,-1,0,2,1,1,0,1,0
TCGA-AC-A3TM,0,1,0,0,0,0,0,0,0,0,0,0,1,0,0,1,1,-1,0,1,0,0,0,0,0,0
TCGA-BH-A0DI,1,0,-1,0,2,-1,0,-1,0,-1,0,1,0,2,1,0,0,-1,-1,0,2,0,1,0,1,0
TCGA-AO-A1KR,1,1,-1,0,0,0,0,-1,0,-1,0,1,1,0,1,1,1,-1,-1,1,0,0,2,-1,1,-1
TCGA-AN-A0XP,0,2,0,1,0,0,-1,0,1,-1,1,0,2,0,0,2,2,0,-1,2,0,1,0,0,0,0
TCGA-BH-A1ET,0,0,0,0,0,0,0,0,0,0,0,0,0,0,0,0,0,0,0,0,0,0,0,0,0,0
TCGA-AR-A2LJ,0,1,0,0,2,-1,0,0,0,-1,0,0,1,2,0,1,1,0,-1,1,2,0,0,0,0,0
TCGA-AR-A24S,1,0,-2,1,0,0,-1,-2,1,-1,-1,1,0,0,-1,0,0,0,-1,0,0,1,1,0,1,-1
TCGA-D8-A1JT,2,1,-1,1,0,0,1,-1,1,-1,1,2,1,0,0,1,1,0,-1,1,0,1,2,0,2,-1
TCGA-A7-A13F,1,1,1,2,-1,-1,-1,1,2,-1,2,1,1,-1,1,1,1,-1,-1,1,-1,2,1,1,1,-1
TCGA-BH-A0DG,0,1,-2,1,1,-1,0,2,1,0,1,0,1,1,0,1,1,0,0,1,1,1,0,0,0,0
TCGA-A2-A0YC,0,1,0,0,1,-1,0,0,0,-1,0,0,1,1,0,1,1,0,-1,1,1,0,0,0,0,0
TCGA-E9-A22H,0,1,0,0,0,-1,0,0,0,0,0,0,1,0,0,1,1,0,0,1,0,0,0,0,0,-1
TCGA-A2-A4S1,1,0,1,0,0,-1,-1,1,0,-1,0,1,0,0,1,0,0,-1,-1,0,0,0,1,1,1,-1
TCGA-AR-A1AQ,1,1,0,0,0,0,1,0,0,-1,0,1,1,0,-1,1,1,0,-1,1,0,0,1,-1,1,0
TCGA-A2-A1FX,1,1,-1,1,2,-1,-1,-1,1,1,1,1,1,2,0,1,1,-1,1,1,2,1,1,1,1,0
TCGA-BH-A1FE,2,-1,-1,2,0,-1,0,-1,2,-1,2,2,-1,0,0,-1,-1,-1,-1,-1,0,2,2,0,2,-1
TCGA-AC-A62X,1,1,1,0,0,0,0,1,0,-1,0,1,1,0,-1,1,1,1,-1,1,0,0,1,1,1,-1
TCGA-C8-A26Z,1,2,0,1,2,-1,-1,-1,1,-1,1,1,2,2,1,2,2,1,-1,2,2,1,1,0,1,0
TCGA-E9-A1R6,1,0,1,1,1,1,2,1,1,-1,1,1,0,1,0,0,0,-1,-1,0,1,1,1,-1,1,-1
TCGA-EW-A2FS,0,1,-1,1,2,-1,0,-1,1,-1,1,0,1,2,-1,1,1,0,-1,1,2,1,0,0,0,-1
TCGA-A2-A3XT,1,1,-1,1,1,1,1,-1,1,-1,1,1,1,1,1,1,1,1,-1,1,1,1,1,0,1,-1
TCGA-JL-A3YX,1,2,-1,-1,0,0,0,-1,-1,0,-1,1,2,0,-1,2,2,0,0,2,0,-1,1,0,1,1
TCGA-LQ-A4E4,0,0,0,1,-1,-1,-1,0,1,-1,1,0,0,-1,0,0,0,0,-1,0,-1,1,0,0,0,-1
TCGA-AR-A24U,2,1,-2,0,0,0,0,-1,0,-1,0,2,1,0,0,1,1,0,-1,1,0,0,2,0,2,1
TCGA-B6-A0X1,2,1,1,-1,2,0,2,-2,-1,-1,-1,2,1,2,0,1,1,-1,-1,1,2,-1,2,-1,2,0
TCGA-A2-A3XZ,-1,1,-1,0,0,0,0,-1,0,-1,0,-1,1,0,0,1,1,0,-1,1,0,0,0,0,-1,0
TCGA-B6-A3ZX,2,0,0,0,0,0,0,0,0,0,0,2,0,0,-1,0,0,0,0,0,0,0,2,0,2,-1
TCGA-E2-A1B6,1,0,1,0,0,0,0,1,0,-1,0,1,0,0,-1,0,0,0,-1,0,0,0,1,0,1,0
TCGA-E9-A2JT,0,0,0,0,0,0,0,0,0,0,0,0,0,0,0,0,0,0,0,0,0,0,0,0,0,0
TCGA-A7-A26J,1,1,-1,1,2,-1,0,-1,1,1,1,1,1,2,0,1,1,-1,1,1,2,1,1,1,1,0
TCGA-AO-A126,1,0,-1,0,2,-1,0,-1,0,-1,0,1,0,2,0,0,0,0,-1,0,2,0,0,0,1,-1
TCGA-BH-A1EU,1,1,1,1,0,0,1,1,1,-1,1,1,1,0,0,1,1,-1,-1,1,0,1,1,-1,1,-1
TCGA-BH-A1EW,1,1,-1,1,1,-1,0,-1,1,0,1,1,1,1,0,1,1,0,0,1,1,1,1,0,1,-1
TCGA-AR-A251,2,0,-1,1,0,0,-2,-1,1,1,1,2,0,0,-2,0,0,0,1,0,0,1,2,1,2,-2
TCGA-A2-A3XW,0,0,0,0,0,-1,0,0,2,-1,1,0,0,0,0,0,0,-1,-1,0,0,2,0,-1,0,-1
TCGA-AR-A1AK,1,1,-1,1,2,-1,0,-1,1,0,1,1,1,2,0,1,1,0,0,1,2,1,1,0,1,-1
TCGA-AO-A0JD,-1,1,0,1,2,2,-2,0,1,-1,1,-1,1,2,-2,1,1,1,-1,1,2,1,-1,-1,-1,0
TCGA-BH-A1F8,0,0,-1,1,1,-1,-1,-1,1,-1,1,0,0,1,0,0,0,0,-1,0,1,1,0,0,0,-1
TCGA-AO-A12B,1,1,1,1,1,1,0,1,1,1,1,1,1,1,0,1,1,1,1,1,1,1,1,1,1,1
TCGA-AR-A1AP,1,1,-1,1,2,-1,-1,-1,1,0,1,1,1,2,0,1,1,0,0,1,2,1,1,-1,1,0
TCGA-GM-A2DM,0,0,0,0,0,0,0,0,0,0,0,0,0,0,0,0,0,0,0,0,0,0,0,0,0,0
TCGA-AR-A2LE,0,1,-1,0,0,0,0,-1,0,-1,0,0,1,0,0,1,1,0,-1,1,0,0,0,0,0,0
TCGA-OL-A5D8,2,2,1,0,0,-1,0,1,0,-1,0,2,2,0,0,2,2,0,-1,2,0,0,2,0,2,0
TCGA-E9-A1N3,0,0,0,0,0,0,0,0,0,0,0,0,0,0,0,0,0,0,0,0,0,0,0,0,0,0
TCGA-A8-A0AD,0,0,0,0,0,0,0,0,0,-1,0,0,0,0,0,0,0,0,-1,0,0,0,0,0,0,-1
TCGA-BH-A0B5,0,2,0,0,-1,-1,0,0,0,-1,0,0,2,-1,-1,2,2,-1,-1,2,-1,0,0,-1,0,0
TCGA-BH-A0HY,1,2,-2,1,2,-1,1,-2,1,-2,1,1,2,2,-1,2,2,-1,-2,2,2,1,1,0,1,1
TCGA-E9-A227,0,1,0,0,0,0,0,0,0,0,0,0,1,0,0,1,1,0,0,1,0,0,0,0,0,0
TCGA-GM-A2DO,1,0,-1,0,2,-1,0,-1,0,0,0,1,0,2,0,0,0,0,0,0,2,0,1,0,1,0
TCGA-GM-A3XG,0,0,0,0,0,0,0,0,0,0,0,0,0,0,0,0,0,0,0,0,0,0,0,0,0,0
TCGA-E2-A1B0,2,1,-1,1,1,1,0,-1,1,-1,1,2,1,1,0,1,1,-1,-1,1,1,1,2,1,2,0
TCGA-E2-A1L8,-1,1,-1,0,-1,-1,1,-1,0,-1,0,-1,1,-1,-1,1,1,-1,-1,1,-1,0,-1,-1,-1,-1
TCGA-E9-A244,1,2,-1,1,1,1,1,-1,1,-1,1,1,2,1,-1,2,2,1,-1,2,1,1,1,1,1,0
TCGA-A7-A13G,0,1,0,0,0,0,0,0,0,0,0,0,1,0,0,1,1,0,0,1,0,0,0,0,0,0
TCGA-E2-A107,1,1,1,0,2,-1,-1,1,0,1,0,1,1,2,0,1,1,-1,1,1,2,0,1,-1,1,-1
TCGA-BH-A0HK,0,1,-1,0,2,-1,0,-1,0,-1,0,0,1,2,0,1,1,0,-1,1,2,0,0,0,0,0
TCGA-D8-A1XY,1,1,1,1,1,1,-1,1,1,-1,1,1,1,1,-1,1,1,1,-1,1,1,1,1,1,1,-1
TCGA-JL-A3YW,1,1,-2,1,0,1,-1,-2,1,-1,1,1,1,0,0,1,1,-1,-1,1,0,1,1,-1,1,0
TCGA-A1-A0SB,0,0,0,0,0,0,0,0,0,0,0,0,0,0,0,0,0,0,0,0,0,0,0,0,0,0
TCGA-AC-A2FM,1,1,1,1,1,-1,-1,1,1,-1,1,1,1,1,-1,1,1,0,-1,1,1,1,1,-1,1,1
TCGA-E2-A1LG,2,1,-2,0,0,0,0,-2,0,-1,0,2,1,0,0,1,1,-1,-1,1,0,0,2,1,2,-2
TCGA-E2-A574,1,1,-2,1,1,1,-1,-1,1,1,1,1,1,1,-1,1,1,1,1,1,1,1,1,1,1,1
TCGA-BH-A0H3,0,1,0,0,0,0,0,0,0,0,0,0,1,0,0,1,1,0,0,1,0,0,0,0,0,0
TCGA-A2-A3Y0,2,1,0,0,1,-1,0,0,0,-1,0,2,1,1,-1,1,1,0,-1,1,1,0,2,1,2,-2
TCGA-D8-A1XA,0,0,0,1,0,0,-1,0,1,-1,1,0,0,0,0,0,0,-1,-1,0,0,1,0,-1,0,-1
TCGA-E2-A1IH,1,2,-1,1,-1,-1,-1,-1,1,-1,1,1,2,-1,0,2,2,0,-1,2,-1,1,1,0,1,0
TCGA-AN-A0XN,2,1,-1,1,1,1,-1,-1,1,-1,1,2,1,1,-1,1,1,0,-1,1,1,1,2,1,2,-1
TCGA-AR-A24N,2,1,0,0,0,0,0,0,0,0,0,2,1,0,0,1,1,0,0,1,0,0,2,0,2,-1
TCGA-D8-A4Z1,2,0,0,0,0,0,0,0,0,0,0,2,0,0,0,0,0,0,0,0,0,0,2,0,2,0
TCGA-A7-A4SF,-1,1,-1,2,0,-1,-1,-1,2,-1,2,-1,1,0,1,1,1,0,-1,1,0,2,1,1,-1,-1
TCGA-A8-A08O,0,0,-1,0,0,-1,0,-1,0,-2,0,0,0,0,-1,0,0,-1,-2,0,0,0,0,0,0,-1
TCGA-E2-A1IF,0,1,-1,0,0,0,0,-1,0,0,0,0,1,0,-1,1,1,0,0,1,0,0,0,0,0,0
TCGA-E2-A1IK,0,0,0,0,0,0,0,0,0,0,0,0,0,0,0,0,0,0,0,0,0,0,0,0,0,0
TCGA-C8-A27A,-1,0,-1,1,-1,-1,-1,-1,1,-1,1,-1,0,-1,2,0,0,-1,-1,0,-1,1,2,-1,-1,0
TCGA-EW-A1J1,1,0,1,0,1,-1,-1,1,0,-1,0,1,0,1,0,0,0,-1,-1,0,1,0,1,-1,1,0
TCGA-E2-A1L6,0,1,-1,0,0,0,0,-1,0,0,0,0,1,0,0,1,1,0,0,1,0,0,0,0,0,0
TCGA-E2-A10F,0,1,0,0,0,0,0,0,0,-1,0,0,1,0,-1,1,1,-1,-1,1,0,0,0,0,0,0
TCGA-BH-A0E1,1,1,1,0,0,0,0,1,0,0,0,1,1,0,0,1,1,0,0,1,0,0,1,0,1,0
TCGA-BH-A0BZ,2,1,2,1,0,0,-1,2,1,-1,1,2,1,0,-1,1,1,-1,-1,1,0,1,2,1,2,-1
TCGA-B6-A0WT,0,1,-1,0,0,-1,0,-1,0,0,0,0,1,0,0,1,1,-1,0,1,0,0,0,1,0,0
TCGA-AC-A2QI,0,1,0,0,0,-1,0,0,0,-1,0,0,1,0,0,1,1,0,-1,1,0,0,0,0,0,0
TCGA-OL-A66J,0,0,-1,0,2,-1,0,-1,0,0,0,0,0,2,0,0,0,0,0,0,2,0,0,0,0,0
TCGA-AR-A5QQ,1,0,-1,0,0,0,-1,-1,0,-1,0,1,0,0,0,0,0,-1,-1,0,0,0,1,0,1,-1
TCGA-B6-A0WZ,0,0,0,0,0,0,0,0,0,-1,0,0,0,0,0,0,0,0,-1,0,0,0,0,0,0,0
TCGA-AC-A2FF,0,0,0,0,0,0,-1,0,0,0,0,0,0,0,0,0,0,0,0,0,0,0,0,0,0,0
TCGA-GM-A4E0,0,1,0,0,0,0,0,0,0,0,0,0,1,0,0,1,1,0,0,1,0,0,0,0,0,0
TCGA-E9-A1NC,2,0,-1,0,0,0,0,-1,0,-1,0,2,0,0,0,0,0,0,-1,0,0,0,2,0,2,0
TCGA-E9-A2JS,1,1,-1,1,1,0,-1,-1,1,-1,1,1,1,1,0,1,1,-1,-1,1,1,1,1,0,1,0
TCGA-B6-A0RE,1,2,-1,1,1,0,-1,-2,1,-1,1,1,2,1,-1,2,2,0,-1,2,1,1,1,0,1,-1
TCGA-E2-A1IL,0,1,0,0,0,0,0,0,0,0,0,0,1,0,0,1,1,-1,0,1,0,0,-1,1,0,-1
TCGA-D8-A1JH,1,0,1,1,0,0,-1,1,1,0,1,1,0,0,0,0,0,0,0,0,0,1,1,0,1,0
TCGA-A7-A426,1,1,-1,0,0,0,0,-1,0,0,0,1,1,0,0,1,1,-1,0,1,0,0,1,0,1,0
TCGA-BH-A1FJ,0,1,0,0,0,0,0,0,0,-1,0,0,1,0,0,1,1,-1,-1,1,0,0,0,0,0,-1
TCGA-BH-A0BV,0,2,-1,1,2,-1,0,-1,1,0,1,0,2,2,0,2,2,0,0,2,2,1,0,0,0,-1
TCGA-E9-A1N4,0,0,0,0,0,0,-1,0,0,0,0,0,0,0,0,0,0,-1,0,0,0,0,0,0,0,0
TCGA-LL-A441,1,1,-1,1,0,1,-1,-1,1,-1,1,1,1,0,-1,1,1,0,-1,1,0,1,1,1,1,0
TCGA-C8-A26W,1,0,-1,0,2,-1,0,-1,0,-1,0,1,0,2,0,0,0,0,-1,0,2,0,1,0,1,0
TCGA-BH-A1FN,2,2,-1,1,1,0,0,-1,1,-1,1,2,2,1,1,2,2,0,-1,2,1,1,2,-1,2,-1
TCGA-BH-A0C0,2,-1,-1,1,0,0,-1,-1,1,-1,1,2,-1,0,-1,-1,-1,1,-1,-1,0,1,2,0,2,-1
TCGA-E9-A1RD,0,1,0,0,0,0,1,0,0,0,0,0,1,0,0,1,1,0,0,1,0,0,0,0,0,-1
TCGA-D8-A1JF,1,1,1,1,1,1,1,1,1,1,1,1,1,1,-1,1,1,0,1,1,1,1,1,1,1,1
TCGA-A1-A0SI,0,1,-1,1,1,1,-1,-1,1,-1,1,0,1,1,-1,1,1,0,-1,1,1,1,0,0,0,-1
TCGA-A2-A0YE,1,1,1,1,1,-1,-1,1,1,-1,1,1,1,1,-1,1,1,1,-1,1,1,1,0,1,1,-1
TCGA-C8-A1HN,2,1,-1,2,0,0,1,2,2,-1,2,2,1,0,-1,1,1,0,-1,1,0,2,1,0,2,-1
TCGA-D8-A1XG,0,2,0,0,0,0,0,0,0,0,0,0,2,0,0,2,2,0,0,2,0,0,0,0,0,0
TCGA-BH-A0HA,0,0,0,0,-1,-1,-1,0,0,-1,0,0,0,-1,0,0,0,-1,-1,0,-1,0,0,0,0,0
TCGA-AC-A3BB,0,2,0,0,0,0,-1,0,0,-1,0,0,2,0,0,2,2,-1,-1,2,0,0,0,-1,0,-1
TCGA-E9-A1RB,1,1,1,1,1,1,0,1,1,-1,1,2,1,1,0,1,1,-1,-1,1,1,1,1,-1,2,-2
TCGA-AR-A0TX,0,0,-1,2,0,0,0,-1,2,0,0,0,0,0,-1,0,0,0,0,0,0,0,0,0,0,-1
TCGA-E2-A105,2,0,-1,2,2,-1,0,-1,2,-1,2,2,0,2,0,0,0,0,-1,0,2,2,2,0,2,0
TCGA-B6-A1KF,1,2,-1,1,-1,-1,-1,-1,1,0,1,1,2,-1,-1,2,2,0,0,2,-1,1,1,1,1,-1
TCGA-A2-A0CT,1,1,1,2,2,-1,0,1,2,-1,2,1,1,2,-1,1,1,-1,-1,1,2,2,1,-1,1,-1
TCGA-AC-A3OD,0,1,0,0,2,-1,0,0,0,-1,0,0,1,2,-1,1,1,1,-1,1,2,0,0,0,0,0
TCGA-OL-A5RW,2,1,-1,1,1,-1,-2,-1,1,-1,-1,2,1,1,1,1,1,-1,-1,1,1,1,2,-1,2,-1
TCGA-AO-A1KS,2,1,1,-1,1,-1,1,1,-1,-1,1,2,1,1,-1,1,1,1,-1,1,1,-1,2,1,2,-1
TCGA-AR-A2LL,1,1,-1,1,1,-1,0,-1,1,-1,1,1,1,1,0,1,1,1,-1,1,1,1,1,1,1,0
TCGA-LL-A5YL,0,1,0,0,0,0,-1,0,0,0,0,0,1,0,0,1,1,0,0,1,0,0,0,0,0,0
TCGA-B6-A0RP,1,1,1,0,0,0,-1,1,0,0,0,1,1,0,-1,1,1,0,0,1,0,0,1,0,1,-1
TCGA-D8-A1XJ,2,2,1,2,1,1,-1,2,2,-1,-1,2,2,1,2,2,2,1,-1,2,1,2,2,1,2,-2
TCGA-EW-A1P5,1,-1,1,1,1,1,1,1,1,-1,1,1,-1,1,1,-1,-1,-1,-1,-1,1,1,1,-1,1,-1
TCGA-AO-A1KO,0,0,0,0,0,0,0,0,0,0,0,0,0,0,0,0,0,0,0,0,0,0,0,0,0,0
TCGA-E2-A1B4,0,0,0,0,0,0,0,0,0,0,0,0,0,0,0,0,0,0,0,0,0,0,0,0,0,0
TCGA-EW-A1IX,0,0,-1,0,0,0,0,-1,0,0,0,0,0,0,0,0,0,-1,0,0,0,0,0,0,0,0
TCGA-BH-A201,0,1,-1,0,2,-1,-1,-1,0,-1,0,0,1,2,0,1,1,-1,-1,1,2,0,0,0,0,0
TCGA-A2-A4S3,1,0,-1,0,0,0,-1,-1,0,-1,0,1,0,0,-1,0,0,0,-1,0,0,0,1,0,1,0
TCGA-AC-A3YJ,0,1,0,0,0,0,0,0,0,0,0,0,1,0,0,1,1,0,0,1,0,0,0,0,0,0
TCGA-E9-A1RE,1,0,-1,1,1,-1,0,-1,1,-1,1,1,0,1,-1,0,0,0,-1,0,1,1,1,-1,1,0
TCGA-HN-A2NL,1,1,1,1,1,0,-1,2,1,1,1,1,1,1,-1,1,1,-1,1,1,1,1,1,1,1,-1
TCGA-AR-A24X,0,1,0,0,0,0,0,0,0,0,0,0,1,0,0,1,1,0,0,1,0,0,0,0,0,0
TCGA-GI-A2C9,1,1,-1,0,0,1,-1,0,0,-1,0,1,1,0,-2,1,1,-1,-1,1,0,0,1,-1,1,0
TCGA-BH-A0GZ,1,2,1,0,2,-1,0,1,0,0,0,1,2,-1,0,2,2,0,0,2,2,0,1,0,1,-1
TCGA-E9-A1RG,1,1,0,1,0,-1,-1,0,1,-1,1,1,1,0,-1,1,1,0,-1,1,0,1,1,-1,1,-1
TCGA-B6-A0WX,1,2,-1,0,-1,-1,0,-2,0,1,0,1,2,-1,1,2,2,0,1,2,-1,0,1,0,1,-1
TCGA-BH-A1EV,1,2,1,1,0,0,-1,1,1,-1,1,1,2,0,-2,2,2,1,-1,2,0,1,1,1,1,-1
TCGA-E2-A1IJ,0,1,0,0,0,0,0,0,0,-1,0,0,1,0,0,1,1,0,-1,1,0,0,0,0,0,0
TCGA-B6-A1KN,2,2,-1,2,-1,-1,0,-1,2,-1,2,2,2,-1,0,2,2,-1,-1,2,-1,2,2,1,2,-1
TCGA-LL-A5YP,2,2,-1,1,-1,-1,-1,-1,1,1,1,2,2,-1,0,2,2,0,1,2,-1,1,2,1,2,-2
TCGA-A2-A0YM,1,1,-1,0,0,-1,1,-1,0,0,0,1,1,0,-1,1,1,0,0,1,0,0,1,1,1,-1
TCGA-AR-A1AJ,1,1,-2,0,0,0,1,-2,0,-1,0,1,1,0,-1,1,1,0,-1,1,0,0,1,0,1,-1
TCGA-D8-A1X8,0,1,-1,0,1,-1,0,-1,0,0,0,0,1,1,0,1,1,0,0,1,1,0,0,0,0,0
TCGA-D8-A27H,2,0,-1,1,1,2,1,-2,1,-1,1,2,0,1,1,0,0,0,-1,0,1,1,2,-1,2,0
TCGA-AC-A23C,0,0,0,2,-1,-1,-1,0,2,-1,-1,0,0,-1,0,0,0,1,-1,0,-1,2,0,-1,0,0
TCGA-AC-A2FB,0,0,0,0,0,-1,0,0,0,-1,0,0,0,0,0,0,0,0,-1,0,0,0,0,0,0,0
TCGA-A7-A3RF,0,0,0,0,0,0,0,0,0,0,0,0,0,0,0,0,0,0,0,0,0,0,0,0,0,0
TCGA-AC-A3W7,0,1,0,0,0,0,-1,0,0,-1,0,0,1,0,0,1,1,0,-1,1,0,0,0,0,0,0
TCGA-D8-A1XQ,2,2,-1,1,1,2,0,-1,1,-1,1,2,2,1,-2,2,2,-1,-1,2,1,1,2,2,2,1
TCGA-EW-A1PH,1,1,-1,1,0,0,0,-2,1,1,1,1,1,0,-1,1,1,0,0,1,0,1,1,1,1,-1
TCGA-AO-A124,1,1,-1,0,-1,-1,-1,-1,0,-1,0,1,1,-1,-1,1,1,1,-1,1,-1,0,1,1,1,-1
TCGA-OL-A66H,0,0,0,0,0,0,0,0,0,0,0,0,0,0,0,0,0,0,0,0,0,0,0,0,0,0
TCGA-D8-A1JJ,1,1,-2,0,0,0,-1,-2,0,-1,0,1,1,0,0,1,1,1,-1,1,0,0,1,-1,1,0
TCGA-AN-A0XU,1,1,-1,0,-1,1,0,-1,0,-1,0,1,1,-1,1,1,1,1,-1,1,-1,0,2,-1,1,-1
TCGA-BH-A0W4,0,0,0,0,0,0,0,0,0,-1,0,0,0,0,0,0,0,0,-1,0,0,0,0,0,0,0
TCGA-A2-A3KC,0,1,0,1,2,-1,0,0,1,0,1,0,1,2,0,1,1,0,0,1,2,1,0,0,0,0
TCGA-AO-A03M,1,0,0,1,-1,-1,0,-1,1,-1,1,1,0,-1,-1,0,0,0,-1,0,-1,1,1,0,1,0
TCGA-A2-A04R,1,1,0,1,0,-1,0,0,1,-1,1,1,1,0,0,1,1,-1,-1,1,0,1,1,0,1,-1
TCGA-AQ-A54N,1,2,1,0,-1,-1,1,1,0,-1,0,1,2,-1,-1,2,2,-1,-1,2,-1,0,0,-1,1,-1
TCGA-EW-A1PE,-1,1,-1,0,0,0,0,-1,0,-1,0,-1,1,0,0,1,1,0,-1,1,0,0,-1,0,-1,0
TCGA-HN-A2OB,0,1,-1,0,0,0,0,-1,0,-1,0,0,1,0,0,1,1,0,-1,1,0,0,0,0,0,0
TCGA-A2-A0SY,0,1,0,0,0,0,0,0,0,-1,0,0,1,0,0,1,1,0,-1,1,0,0,0,0,0,0
TCGA-AQ-A04L,1,1,-2,1,2,0,-1,-2,1,-1,1,1,1,2,1,1,1,2,-1,1,2,1,1,0,1,-1
TCGA-A7-A425,0,1,0,1,1,0,0,0,1,0,1,0,1,1,0,1,1,1,0,1,1,1,0,1,0,0
TCGA-EW-A1OZ,1,0,-2,2,-1,-1,-1,-2,2,-2,2,1,0,-1,-1,0,0,0,-2,0,-1,2,1,1,1,-1
TCGA-E9-A1ND,-1,1,-1,0,0,1,-1,-1,0,-1,0,-1,1,0,-1,1,1,-1,-1,1,0,0,-1,-1,-1,1
TCGA-B6-A1KI,0,2,0,1,1,1,-1,0,1,1,1,0,2,1,-1,2,2,0,1,2,1,1,0,0,0,-1
TCGA-BH-A1F2,2,0,-1,1,1,-1,-1,-1,1,1,1,2,0,1,-1,0,0,-1,1,0,1,1,2,1,2,0
TCGA-AR-A2LN,0,1,0,0,0,0,-1,0,0,0,0,0,1,0,0,1,1,0,0,1,0,0,0,0,0,0
TCGA-C8-A1HE,0,1,0,0,0,-1,-1,0,0,0,0,0,1,0,0,1,1,0,0,1,0,0,0,0,0,0
TCGA-AR-A24L,0,1,-1,1,1,-1,0,-1,1,-1,1,0,1,1,0,1,1,0,-1,1,1,1,0,-1,0,-1
TCGA-E2-A1L9,0,1,0,1,0,0,0,0,1,0,1,0,1,0,0,1,1,0,0,1,0,1,0,0,0,1
TCGA-EW-A1OY,1,1,-1,1,-1,-1,-1,-1,1,-1,1,1,1,-1,-1,1,1,1,-1,1,-1,1,1,-1,1,-1
TCGA-E9-A1RA,1,1,1,1,0,0,1,1,1,-1,1,1,1,0,1,1,1,-1,-1,1,0,1,1,-1,1,-1
TCGA-A7-A3IY,0,0,0,0,0,0,0,0,0,0,0,0,0,0,1,0,0,-1,0,0,0,0,0,0,0,0
TCGA-AR-A2LH,1,0,1,0,0,0,1,1,0,0,0,1,0,0,1,0,0,0,0,0,0,0,1,0,1,0
TCGA-BH-A1F0,0,1,-1,0,0,1,-1,-1,0,0,0,0,1,0,0,1,1,0,0,1,0,0,0,0,0,0
TCGA-E9-A1R0,0,0,0,0,0,0,0,0,0,-1,0,0,0,0,0,0,0,-1,-1,0,0,0,0,0,0,0
TCGA-B6-A0X4,0,2,0,0,0,0,0,0,0,0,0,0,2,0,0,2,2,0,0,2,0,0,0,0,0,0
TCGA-PE-A5DD,-1,0,-1,0,0,0,-1,-1,0,-1,0,-1,0,0,-1,0,0,0,-1,0,0,0,-1,0,-1,-1
TCGA-EW-A1P0,1,1,-1,1,0,0,0,-1,1,0,1,1,1,0,0,1,1,-1,0,1,0,1,1,0,1,0
TCGA-AR-A24W,1,1,1,1,0,0,-1,1,1,0,1,1,1,0,-1,1,1,0,0,1,0,1,1,0,1,-1
TCGA-A2-A0CO,0,1,-1,0,-1,-1,0,-1,0,-1,0,0,1,-1,0,1,1,0,-1,1,-1,0,0,0,0,-1
TCGA-D8-A1Y0,2,0,-1,1,1,-1,0,-1,1,-1,1,2,0,1,0,0,0,-1,-1,0,1,1,1,-1,2,-1
TCGA-AR-A24T,0,2,0,0,0,0,0,0,0,-1,0,0,2,0,0,2,2,-1,-1,2,0,0,0,0,0,-1
TCGA-A2-A3XY,1,1,-2,2,0,0,1,-2,2,-1,2,1,1,0,1,1,1,1,-1,1,0,2,1,1,1,0
TCGA-D8-A1JI,0,1,-1,1,2,-1,-1,-1,1,0,1,0,1,1,0,1,1,-1,0,1,2,1,0,0,0,-1
TCGA-BH-A1FU,2,1,-2,0,0,0,0,-2,0,0,0,2,1,0,0,1,1,0,0,1,0,0,2,0,2,-1
TCGA-BH-A0BM,0,1,0,0,0,0,0,0,0,-1,0,0,1,0,0,1,1,-1,-1,1,0,0,0,0,0,0
TCGA-A7-A2KD,2,0,-1,1,0,-1,1,-1,1,-1,1,2,0,0,-1,0,0,1,-1,0,0,1,2,-1,2,-1
TCGA-AC-A3QP,2,0,-1,0,0,0,0,-1,0,0,0,2,0,0,0,0,0,0,0,0,0,0,2,0,2,0
TCGA-E2-A10B,0,1,0,1,0,0,1,0,1,0,1,0,1,0,0,1,1,0,0,1,0,1,0,0,0,0
TCGA-AC-A2FE,0,1,1,0,-1,-1,0,1,0,0,0,0,1,-1,0,1,1,0,0,1,-1,0,0,0,0,0
TCGA-A2-A4RY,0,0,0,0,0,0,0,0,0,0,0,0,0,0,0,0,0,-1,0,0,0,0,0,-1,0,0
TCGA-OL-A5RZ,1,0,-1,1,1,-1,0,-1,1,-1,1,1,0,1,0,0,0,1,-1,0,1,1,1,1,1,-1
TCGA-A1-A0SJ,1,1,1,2,1,-1,1,1,2,-1,2,1,1,1,0,1,1,1,-2,1,1,2,1,-1,1,-1
TCGA-D8-A1JG,1,0,-1,1,0,0,-1,-1,1,-1,1,1,0,0,-1,0,0,-1,-1,0,0,1,1,-1,1,-1
TCGA-C8-A274,0,1,0,1,0,0,-1,0,1,0,1,0,1,0,-1,1,1,0,0,1,0,1,0,-1,0,-1
TCGA-E9-A3X8,1,1,1,0,0,0,0,1,0,-1,0,1,1,0,-1,1,1,-1,-1,1,0,0,1,-1,1,0
TCGA-BH-A0DZ,1,0,0,0,2,-1,0,0,0,-1,0,1,0,2,0,0,0,0,-1,0,2,0,1,0,1,0
TCGA-D8-A1XC,0,1,0,0,0,0,0,0,0,0,0,0,1,0,0,1,1,0,0,1,0,0,0,-2,0,0
TCGA-A7-A26I,1,2,1,-1,0,0,0,1,-1,-1,-1,1,2,0,-1,2,2,2,-1,2,0,-1,1,1,1,-1
TCGA-A2-A0EN,0,1,0,0,0,0,-1,0,0,0,0,0,1,0,-1,1,1,0,-1,1,0,0,0,0,0,0
TCGA-BH-A208,0,0,-1,1,1,1,1,-1,1,-1,1,0,0,1,-1,0,0,1,-1,0,1,1,0,1,0,1
TCGA-C8-A1HG,2,1,-1,1,2,-1,1,-1,1,-1,1,2,1,2,0,1,1,-1,-1,1,2,1,2,-1,2,-1
TCGA-E9-A5UO,0,0,0,0,0,0,0,0,0,-1,0,0,0,0,2,0,0,-1,-1,0,0,0,0,-1,0,-1
TCGA-A2-A1G4,1,0,-1,0,1,0,0,-1,0,-1,0,1,0,1,1,0,0,0,-1,0,1,0,1,0,1,0
TCGA-E2-A109,2,2,2,2,2,-1,-1,2,2,2,2,2,2,2,-1,2,2,-1,2,2,2,2,2,-1,2,-1
TCGA-A1-A0SE,1,1,1,0,2,-1,0,1,0,-1,0,1,1,2,0,1,1,-1,-1,1,2,0,1,0,1,-1
TCGA-BH-A204,1,0,-1,1,0,0,-1,-1,1,1,1,1,0,0,0,0,0,0,1,0,0,1,1,0,1,0
TCGA-AC-A23H,1,1,-2,1,2,0,-1,-2,1,0,1,1,1,2,0,1,1,0,0,1,2,1,1,0,1,0
TCGA-E2-A10E,0,1,0,0,1,-1,-1,0,0,0,0,0,1,1,0,1,1,0,0,1,1,0,0,0,0,0
TCGA-A1-A0SQ,0,1,0,2,2,-1,0,0,2,-1,2,0,1,2,0,1,1,0,-1,1,2,2,0,0,0,-1
TCGA-GM-A2DK,0,0,0,2,1,0,0,0,0,-1,0,0,0,1,2,0,0,0,-1,0,1,0,0,0,0,0
TCGA-C8-A27B,2,1,-1,-1,0,-1,-1,-1,-1,-1,-1,2,1,0,0,1,1,-1,-1,1,0,-1,2,-1,2,-1
TCGA-E9-A1NG,0,0,0,0,0,-1,0,0,0,0,0,0,0,0,0,0,0,0,0,0,0,0,0,0,0,0
TCGA-A2-A1G0,1,1,1,1,0,0,0,1,1,-1,1,1,1,0,0,1,1,0,-1,1,0,1,1,0,1,0
TCGA-E9-A1NI,1,1,-1,1,0,0,1,-1,1,0,1,1,1,0,-1,1,1,1,0,1,0,1,1,0,1,-1
TCGA-AN-A0XS,1,-1,-1,0,-1,-1,0,-1,0,0,0,1,-1,-1,-1,-1,-1,0,0,-1,-1,0,1,0,1,0
TCGA-GM-A2DN,0,1,0,0,0,0,0,0,0,0,0,0,1,0,0,1,1,0,0,1,0,0,0,0,0,0
TCGA-BH-A28O,0,0,0,0,0,0,0,0,0,0,0,0,0,0,0,0,0,0,0,0,0,0,0,0,0,0
TCGA-AR-A1AO,0,0,0,0,0,0,0,0,0,0,0,0,0,0,0,0,0,0,0,0,0,0,0,0,0,0
TCGA-A2-A0T0,2,1,-1,0,0,0,0,-1,0,0,0,2,1,0,0,1,1,0,0,1,0,0,2,-1,2,0
TCGA-A8-A0A6,0,1,0,0,2,-1,-1,0,0,-1,0,0,1,2,0,1,1,-1,-1,1,2,0,0,-1,0,0
TCGA-AC-A3TN,0,1,-1,0,0,0,0,-1,0,-1,0,0,1,0,0,1,1,0,-1,1,0,0,0,0,0,0
TCGA-OL-A5D7,2,2,-1,0,1,1,0,-1,0,-1,0,2,2,1,-1,2,2,-1,-1,2,1,0,2,0,2,-1
TCGA-AC-A2BM,1,1,0,1,2,-1,0,0,1,-1,1,1,1,2,-1,1,1,-1,-1,1,2,1,1,-1,1,-1
TCGA-BH-A1FR,0,0,0,0,0,0,0,0,0,0,0,0,0,0,0,0,0,0,0,0,0,0,0,0,0,0
TCGA-E2-A2P5,1,1,-1,-1,0,-1,1,-1,-1,-1,-1,1,1,0,-1,1,1,1,-1,1,0,-1,2,1,1,-1
TCGA-BH-A42V,2,0,-1,0,0,0,0,-1,0,0,0,2,0,0,0,0,0,-1,0,0,0,0,2,1,2,0
TCGA-D8-A1X7,0,2,0,0,0,0,0,0,0,-1,0,0,2,0,0,2,2,0,-1,2,0,0,0,0,0,0
TCGA-A2-A0ST,0,1,0,0,0,0,0,0,0,0,0,0,1,0,0,1,1,1,0,1,0,0,0,0,0,0
TCGA-E9-A3HO,0,1,0,0,0,-1,1,0,0,-1,0,0,1,0,-1,1,1,0,-1,1,0,0,0,1,0,-1
TCGA-AR-A250,1,1,-1,1,1,-1,-1,-1,1,-1,1,1,1,1,0,1,1,0,-1,1,1,1,1,1,1,-1
TCGA-BH-A0AW,1,1,0,1,0,0,0,0,1,-1,1,1,1,0,0,1,1,2,-1,1,0,1,1,0,1,-1
TCGA-D8-A3Z5,0,1,0,0,0,0,0,0,0,0,0,0,1,0,0,1,1,0,0,1,0,0,0,0,0,0
TCGA-EW-A1IY,1,2,1,1,0,0,0,1,1,0,1,1,2,0,1,2,2,0,0,2,0,1,1,0,1,0
TCGA-AR-A252,0,1,0,2,0,0,-1,0,2,-1,2,0,1,0,0,1,1,-1,-1,1,0,2,0,-1,0,-1
TCGA-BH-A28Q,0,1,0,1,1,-1,0,0,1,0,1,0,1,1,0,1,1,0,0,1,1,1,0,0,0,-1
TCGA-E2-A15J,1,1,-2,0,0,0,0,-2,0,0,0,1,1,0,0,1,1,0,0,1,0,0,1,0,1,0
TCGA-E2-A1LB,0,0,-1,0,0,0,0,-1,0,0,0,0,0,0,-1,0,0,0,0,0,0,0,0,0,0,0
TCGA-C8-A1HJ,1,1,0,0,-1,0,-1,0,0,-1,0,1,1,-1,-1,1,1,1,-1,1,-1,0,1,0,1,-1
TCGA-A2-A0YJ,1,1,-1,1,1,1,1,-1,1,1,1,1,1,1,-1,1,1,1,1,1,1,1,1,1,1,1
TCGA-E2-A14U,1,0,-1,0,0,0,0,-1,0,0,0,1,0,0,0,0,0,0,0,0,0,0,1,0,1,0
TCGA-BH-A0DP,1,1,1,0,1,1,1,1,0,-1,0,1,1,1,-1,1,1,-1,-1,1,1,0,1,-1,1,-1
TCGA-EW-A1J2,0,1,0,0,0,-1,0,0,0,-1,0,0,1,0,0,1,1,0,-1,1,0,0,0,0,0,0
TCGA-AO-A1KP,1,1,-1,1,0,0,0,-1,1,0,1,1,1,0,0,1,1,0,0,1,0,1,2,0,1,0
TCGA-LL-A5YN,2,1,-1,1,0,-1,0,2,1,0,1,2,1,0,-1,1,1,-1,0,1,0,1,2,1,2,-1
TCGA-EW-A1IZ,0,0,0,0,0,0,2,0,0,0,0,0,0,0,0,0,0,0,0,0,0,0,0,0,0,0
TCGA-BH-A0AY,1,1,-1,1,1,1,0,-1,1,-1,1,1,1,1,0,1,1,1,-1,1,1,1,1,1,1,-1
TCGA-AC-A2BK,1,2,0,0,0,0,0,-1,0,0,0,1,2,0,-1,2,2,-1,0,2,0,0,1,1,1,-1
TCGA-A2-A25D,1,0,-1,0,0,0,-1,-1,0,-1,0,1,0,0,0,0,0,0,-1,0,0,0,1,1,1,-1
TCGA-A2-A3XS,1,2,-1,1,-1,-1,1,-1,1,0,1,1,2,-1,-1,2,2,0,0,2,-1,1,1,-1,1,0
TCGA-AO-A0JM,1,1,-1,1,1,-1,0,-1,1,-1,1,1,1,1,1,1,1,0,-1,1,1,1,1,1,1,-1
TCGA-AR-A1AS,0,1,-1,0,0,0,0,-1,0,-1,0,0,1,0,0,1,1,0,-1,1,0,0,0,0,0,0
TCGA-GM-A2DD,1,1,-1,1,-1,-1,0,-1,1,-1,1,1,1,-1,0,1,1,-1,-1,1,-1,1,1,0,1,-1
TCGA-EW-A1P3,1,2,-1,0,0,0,-1,-1,0,-1,0,1,2,0,0,2,2,0,-1,2,0,0,1,0,1,-1
TCGA-A2-A4S0,0,0,0,0,0,0,0,0,0,0,0,0,0,0,0,0,0,0,0,0,0,0,0,0,0,0
TCGA-BH-A0BS,0,1,0,0,0,0,0,0,0,0,0,0,1,0,0,1,1,0,0,1,0,0,0,0,0,0
TCGA-D8-A1JE,0,1,0,1,-1,-1,-1,0,1,-1,1,0,1,-1,-1,1,1,-1,-1,1,-1,1,0,-1,0,-1
TCGA-AC-A2FO,1,0,-1,2,0,0,0,-1,2,0,2,1,0,0,0,0,0,0,0,0,0,2,1,0,1,0
TCGA-E2-A570,0,1,0,1,0,0,0,0,1,0,1,0,1,0,0,1,1,0,0,1,0,1,0,0,0,0
TCGA-A2-A0YI,0,1,0,0,1,-1,-1,0,0,0,0,0,1,1,0,1,1,0,0,1,1,0,0,0,0,-1
TCGA-BH-A1EY,2,0,-1,0,0,0,-1,-1,0,-1,0,2,0,0,0,0,0,0,-1,0,0,0,2,-1,2,-1
TCGA-D8-A1X6,1,0,-2,0,-1,-1,0,-2,0,0,0,1,0,-1,0,0,0,0,0,0,-1,0,1,0,1,-1
TCGA-A7-A3IZ,0,1,-1,0,1,-1,0,-1,0,0,0,0,1,1,0,1,1,0,0,1,1,0,0,0,0,-1
TCGA-A7-A56D,0,1,-1,2,0,-1,-1,-1,2,-1,2,0,1,0,-1,1,1,0,-1,1,0,2,0,1,0,0
TCGA-D8-A27E,0,0,0,0,0,0,0,0,0,0,0,0,0,0,0,0,0,0,0,0,0,0,0,0,0,0
TCGA-LL-A440,0,0,-1,0,2,0,0,-1,0,0,0,0,0,2,0,0,0,0,0,0,2,0,0,0,0,0
TCGA-A2-A0T6,1,1,1,0,0,0,0,1,0,0,0,1,1,0,0,1,1,-1,0,1,0,0,1,0,1,0
TCGA-E2-A573,1,1,1,1,-1,-1,-1,1,1,-1,1,1,1,-1,1,1,1,1,-1,1,-1,1,1,1,1,0
TCGA-A7-A26F,1,1,1,0,1,1,-1,1,0,-1,0,1,1,1,0,1,1,0,-1,1,1,0,1,0,1,1
TCGA-AN-A0XR,0,1,0,0,0,0,0,0,0,-1,0,0,1,0,0,1,1,0,-1,1,0,0,0,0,0,0
TCGA-AR-A0U0,1,1,-1,0,-1,-1,1,-1,0,0,0,1,1,-1,1,1,1,1,0,1,-1,0,1,1,1,-1
TCGA-EW-A3U0,1,1,-1,1,0,0,0,-1,1,0,1,1,1,0,-1,1,1,-1,0,1,0,1,2,2,1,-1
TCGA-D8-A27L,1,0,-1,1,0,0,0,-1,1,0,1,1,0,0,0,0,0,0,0,0,0,1,1,0,1,0
TCGA-C8-A3M7,0,1,0,0,0,0,-1,0,0,-1,1,0,1,0,0,1,1,0,-1,1,0,0,0,0,0,0
TCGA-E9-A1QZ,0,1,0,1,2,-1,0,0,1,-1,1,0,1,2,0,1,1,-1,-1,1,2,1,0,-1,0,0
TCGA-E2-A1B1,0,0,0,0,0,0,0,0,0,-1,0,0,0,0,0,0,0,0,-1,0,0,0,0,0,0,0
TCGA-AC-A2FK,0,0,0,0,0,0,0,0,0,0,0,0,0,0,0,0,0,0,0,0,0,0,0,0,0,0
TCGA-GM-A3XL,1,2,-1,1,1,2,2,-1,1,-1,1,1,2,1,-1,2,2,-1,-1,2,1,1,1,-2,1,-1
TCGA-A2-A0YK,0,1,-1,0,2,-1,-1,-1,0,-1,0,0,1,2,0,1,1,0,-1,1,2,0,0,0,0,0
TCGA-AO-A125,0,1,0,0,0,0,0,0,0,0,0,0,1,0,0,1,1,0,0,1,0,0,0,0,0,0
TCGA-BH-A0B9,0,1,0,0,1,0,0,-1,0,-1,0,0,1,1,-1,1,1,0,-1,1,1,0,0,-1,0,-1
TCGA-BH-A209,2,1,-1,0,1,1,-1,-1,0,-1,0,2,1,1,0,1,1,0,-1,1,1,0,2,1,2,-1
TCGA-D8-A1J8,-1,1,-1,1,-1,-1,-1,-1,1,-1,1,-1,1,-1,-1,1,1,1,-1,1,-1,1,-1,1,-1,-1
TCGA-C8-A3M8,0,1,-1,1,2,-1,0,-1,1,-1,1,0,1,2,0,1,1,0,-1,1,2,1,0,0,0,-1
TCGA-D8-A3Z6,1,2,-1,0,0,0,-1,-1,0,0,0,1,2,0,0,2,2,0,0,2,0,0,1,0,1,0
TCGA-E9-A54X,1,0,1,0,0,0,0,1,0,-1,0,1,0,0,1,0,0,0,-1,0,0,0,1,0,1,0
TCGA-E9-A22B,2,1,-1,1,-1,-1,0,-1,1,-1,1,2,1,-1,0,1,1,0,-1,1,-1,1,2,0,2,0
TCGA-AC-A2B8,1,1,-2,0,0,0,0,-2,0,0,0,1,1,0,0,1,1,0,0,1,0,0,1,0,1,0
TCGA-AC-A3W5,1,1,-1,1,1,-1,-2,-1,1,-1,1,1,1,1,0,1,1,-1,-1,1,1,1,1,1,1,-1
TCGA-C8-A1HI,1,1,-1,1,0,-1,-1,-1,1,-1,1,1,1,0,0,1,1,0,-1,1,0,1,1,0,1,-1
TCGA-E2-A1IO,1,0,-1,1,0,0,-1,-1,1,-1,1,1,0,0,-1,0,0,0,-1,0,0,1,1,1,1,-1
TCGA-BH-A0AU,0,1,1,1,1,-1,0,1,1,1,1,0,1,1,-1,1,1,-1,1,1,1,1,1,-1,0,0
TCGA-BH-A18V,2,2,-1,1,2,1,-1,-1,1,-1,1,2,2,1,1,2,2,-1,-1,2,2,1,2,-1,2,1
TCGA-BH-A1F5,1,0,-1,0,0,0,0,-1,0,0,0,1,0,0,0,0,0,-1,0,0,0,0,1,-1,1,0
TCGA-E2-A1IG,0,1,1,0,2,-1,0,1,0,-1,0,0,1,2,0,1,1,0,-1,1,2,0,0,-1,0,-1
TCGA-E9-A1NE,1,1,1,1,0,0,0,1,1,0,1,1,1,0,0,1,1,-1,0,1,0,1,1,1,1,-1
TCGA-A7-A0DB,0,1,0,1,0,0,0,0,1,0,1,0,1,0,0,1,1,0,0,1,0,1,0,0,0,0
TCGA-AC-A62Y,0,1,0,1,1,1,0,0,1,-1,1,0,1,1,0,1,1,-1,-1,1,1,1,0,-1,0,-1
TCGA-D8-A1JM,1,1,-1,0,0,0,0,-1,0,-1,0,1,1,0,0,1,1,0,0,1,0,1,1,-1,1,-1
TCGA-A7-A4SE,1,2,-1,2,1,-1,-2,-1,2,-1,2,1,2,1,-1,2,2,0,-1,2,1,2,2,2,1,0
TCGA-A2-A0EU,2,0,2,1,1,1,-1,1,1,1,1,2,0,1,0,0,0,0,1,0,1,1,2,0,2,-1
TCGA-BH-A42U,0,0,0,0,0,0,0,0,0,0,0,0,0,0,0,0,0,0,0,0,0,0,0,0,0,0
TCGA-E9-A245,0,1,0,0,0,0,0,0,0,0,0,0,1,0,0,1,1,0,0,1,0,0,0,0,0,0
TCGA-AO-A0JL,2,1,1,1,-1,-1,1,-2,1,1,1,2,1,-1,-1,1,1,-1,1,1,-1,1,2,1,2,-1
TCGA-D8-A27F,2,0,-1,0,0,0,-1,-1,0,0,0,2,0,0,-1,0,0,1,0,0,0,0,2,1,2,-1
TCGA-E9-A1RC,1,1,1,1,0,0,0,1,1,0,1,1,1,0,-1,1,1,0,0,1,0,1,1,0,1,-2
TCGA-A7-A4SB,0,1,0,0,2,-1,-1,0,0,-1,0,0,1,2,0,1,1,0,-1,1,2,0,0,0,0,0
TCGA-D8-A1XB,1,1,1,1,0,0,0,1,1,1,1,1,1,0,-1,1,1,-1,1,1,0,1,1,-1,1,0
TCGA-AR-A2LQ,0,1,0,0,0,0,0,0,0,0,0,0,1,0,0,1,1,0,0,1,0,0,0,0,0,0
TCGA-BH-A0H7,1,1,-1,1,1,-1,-1,-1,1,-1,1,1,1,1,-1,1,1,-1,-1,1,1,1,1,1,1,-1
TCGA-D8-A1JL,1,2,-1,-1,0,1,-1,-1,-1,0,-1,1,2,0,0,2,2,-1,0,2,0,-1,1,1,1,-1
TCGA-D8-A1XV,0,1,0,0,0,0,0,0,0,0,0,0,1,0,0,1,1,0,0,1,0,0,0,0,0,0
TCGA-D8-A27N,0,1,-1,0,2,-1,-1,-1,0,-1,0,2,1,2,0,1,1,0,-1,1,2,0,2,0,0,-1
TCGA-E9-A22G,1,2,-1,-1,0,-1,1,0,-1,-1,-1,1,2,0,-1,2,2,-1,-1,2,0,-1,1,0,1,-1
TCGA-BH-A0DV,0,1,0,0,0,0,0,0,0,0,0,0,1,0,0,1,1,0,0,1,0,0,0,0,0,0
TCGA-EW-A2FV,2,1,-1,2,0,0,-1,-1,2,-1,2,2,1,0,-1,1,1,0,-1,1,0,2,2,1,2,1
TCGA-BH-A1FH,0,0,-1,0,0,0,0,-1,0,-1,0,0,0,0,-1,0,0,0,-1,0,0,0,0,0,0,-1
TCGA-AC-A3W6,0,1,0,0,0,0,-1,0,0,-1,0,0,1,0,0,1,1,0,-1,1,0,0,0,0,0,-1
TCGA-C8-A1HL,-1,1,-1,0,2,-1,0,-1,0,-1,0,-1,1,-1,0,1,1,0,-1,1,2,0,-1,0,-1,0
TCGA-A7-A13H,0,2,0,0,0,-1,0,0,0,-1,0,0,2,0,-1,2,2,0,-1,2,0,0,0,0,0,0
TCGA-B6-A0RI,0,1,0,0,0,0,0,0,0,-1,0,0,1,0,0,1,1,0,-1,1,0,0,0,0,0,0
TCGA-EW-A1J3,0,1,0,1,2,-1,0,0,1,-1,1,0,1,2,0,1,1,0,-1,1,2,1,0,0,0,0
TCGA-B6-A0I1,2,2,-2,1,0,0,0,2,1,0,1,2,2,0,-1,2,2,0,0,2,0,1,2,0,2,-1
TCGA-BH-A0DQ,1,0,0,1,0,-1,-1,0,1,0,1,1,0,0,0,0,0,0,0,0,0,1,1,1,1,-1
TCGA-B6-A40B,0,2,0,1,2,-1,0,0,1,0,1,0,2,2,0,2,2,0,0,2,2,1,0,0,0,0
TCGA-E9-A249,0,1,0,1,1,1,1,0,1,0,1,0,1,1,-1,1,1,-1,0,1,1,1,0,-1,0,-1
TCGA-BH-A0BC,0,1,0,0,2,-1,0,0,0,-1,0,0,1,2,0,1,1,0,-1,1,2,0,0,0,0,-1
TCGA-AR-A24M,0,1,0,0,0,0,-2,0,0,0,0,0,1,0,0,1,1,0,0,1,0,0,0,0,0,0
TCGA-AN-A0XO,1,1,-1,1,0,0,1,-1,1,-1,1,1,1,0,-1,1,1,0,-1,1,0,1,1,0,1,-1
TCGA-AC-A23G,1,1,1,1,0,0,0,1,1,1,1,1,1,0,0,1,1,-1,1,1,0,1,1,0,1,0
TCGA-OL-A66I,2,2,1,1,0,0,2,2,1,-1,1,2,2,0,-1,2,2,-1,-1,2,0,1,2,1,2,-1
TCGA-AN-A0XW,0,1,0,0,2,-1,0,0,0,-1,0,0,1,2,0,1,1,-1,-1,1,2,0,0,-1,0,-1
TCGA-C8-A1HM,1,1,-1,1,2,0,-1,-1,1,-1,1,1,1,2,-1,1,1,1,-1,1,2,1,1,1,1,0
TCGA-B6-A0RO,0,1,0,1,0,0,1,-2,1,0,1,0,1,0,-1,1,1,-1,0,1,0,1,0,1,0,1
TCGA-E9-A22D,1,2,-1,2,2,-1,1,-1,2,-1,2,1,2,2,-1,2,2,0,-1,2,2,2,1,0,1,-1
TCGA-EW-A3E8,0,0,0,0,0,0,0,0,0,-1,0,0,0,0,-1,0,0,-1,-1,0,0,0,0,0,0,0
TCGA-D8-A27G,0,1,0,0,2,-1,0,0,0,-1,0,0,1,2,0,1,1,0,-1,1,2,0,0,0,0,0
TCGA-D8-A1X9,1,0,-1,1,1,-1,-1,-1,1,-1,1,1,0,1,0,0,0,0,-1,0,1,1,1,1,1,-1
TCGA-E2-A10C,1,1,-1,1,-1,0,-1,-1,1,-1,1,1,1,-1,-1,1,1,1,-1,1,-1,1,1,-1,1,-1
TCGA-AR-A255,1,1,-2,1,1,-1,1,-2,1,-1,1,1,1,1,-1,1,1,-1,-1,1,1,1,1,1,1,-1
TCGA-B6-A0RV,1,0,-1,0,1,0,0,-1,0,-1,0,1,0,1,0,0,0,0,-1,0,1,0,1,0,1,0
TCGA-E2-A1IU,0,0,0,0,2,-1,1,0,0,0,0,0,0,2,0,0,0,0,0,0,2,0,0,0,0,0
TCGA-EW-A1OX,0,1,0,0,2,-2,0,0,0,0,0,0,1,2,0,1,1,0,0,1,2,0,0,0,0,0
TCGA-D8-A1JK,1,1,-1,2,0,-1,0,-1,2,-1,2,1,1,0,2,1,1,0,-1,1,0,2,1,0,1,-1
TCGA-BH-A203,1,1,-1,0,1,1,-2,-1,0,-1,0,1,1,1,-1,1,1,1,-1,1,1,0,1,1,1,0
TCGA-E2-A1BD,1,1,1,1,-1,-1,-1,1,1,0,1,1,1,-1,-1,1,1,-1,0,1,-1,1,1,-1,1,1
TCGA-D8-A27M,2,0,-1,-1,0,1,-1,-2,-1,-1,-1,2,0,0,-1,0,0,-1,-1,0,0,-1,2,-2,2,0
TCGA-AR-A5QM,0,1,0,1,0,0,-1,0,1,-1,1,0,1,0,0,1,1,0,-1,1,0,1,0,0,0,-1
TCGA-PE-A5DC,2,0,-1,1,2,-1,-1,-1,1,-1,1,2,0,2,0,0,0,-1,-1,0,2,1,2,1,2,-1
TCGA-AN-A0XV,2,0,-1,0,0,0,0,-1,0,0,0,2,0,0,0,0,0,0,0,0,0,0,2,0,2,-1
TCGA-BH-A1FD,2,1,-1,0,0,1,0,-1,0,-1,0,2,1,0,0,1,0,-1,-1,1,0,0,2,0,2,-1
TCGA-A7-A4SA,1,0,-1,1,0,-1,-1,-1,1,-1,1,1,0,0,0,0,0,0,-1,0,0,1,1,0,1,-1
TCGA-BH-A0DK,0,1,0,0,-1,-1,0,0,0,-1,0,0,1,-1,0,1,1,0,-2,1,-1,0,0,0,0,-1
TCGA-C8-A273,1,1,-1,2,0,0,-1,-1,2,-1,2,1,1,0,0,1,1,-1,0,1,0,2,1,0,1,0
TCGA-B6-A0IK,2,0,-1,0,-1,-1,-1,-1,0,-1,0,2,0,-1,0,0,0,0,-1,0,-1,0,2,0,2,0
TCGA-BH-A0BJ,0,2,0,0,1,1,0,0,0,0,0,0,2,1,0,2,2,-1,0,2,1,0,0,0,0,-1
TCGA-BH-A0BA,1,2,1,1,-1,-1,-1,-2,1,-1,1,1,2,-1,-1,2,2,-1,-1,2,-1,1,1,1,1,-1
TCGA-GM-A2DL,0,0,0,0,2,1,-1,0,0,-1,0,0,0,2,0,0,0,0,-1,0,2,0,0,0,0,-1
TCGA-AR-A1AM,0,0,-1,0,0,-1,0,-1,0,-1,0,0,0,0,0,0,0,0,-1,0,0,0,0,0,0,0
TCGA-D8-A1JP,2,0,-1,1,0,-1,-1,-1,1,-1,1,2,0,0,-1,0,0,1,-1,0,0,1,2,-1,2,-1
TCGA-E9-A1NF,1,0,-1,1,0,1,-1,-1,1,-1,1,1,0,0,-2,0,0,1,-1,0,0,1,1,-1,1,1
TCGA-E9-A1R7,1,1,-1,2,0,-1,0,-1,2,-1,2,1,1,0,0,1,1,2,-1,1,0,2,1,0,1,0
TCGA-A2-A1FV,1,1,0,0,0,-1,1,0,0,-1,0,1,1,0,0,1,1,-1,-1,1,0,0,1,0,1,-1
TCGA-MS-A51U,0,1,0,1,0,0,0,0,1,1,1,0,1,0,0,1,1,-1,1,1,0,1,0,-1,0,-1
TCGA-EW-A1PC,1,1,1,1,-1,-1,-1,-1,1,-1,1,1,1,-1,-1,1,1,0,-1,1,-1,1,1,0,1,-1
TCGA-AQ-A1H2,1,0,-1,1,1,-1,-1,-1,1,0,1,1,0,1,0,0,0,-1,0,0,1,1,1,-1,1,-1
TCGA-AO-A0JC,0,0,0,0,0,0,0,0,0,0,0,0,0,0,0,0,0,0,0,0,0,0,0,0,0,0
TCGA-E9-A1R3,1,1,1,1,0,0,1,1,1,0,1,1,1,0,1,1,1,0,0,1,0,1,1,0,1,1
